recipe_name,source,url,servings,calories,image_url,diet_labels,health_labels,cautions,cuisine_type,meal_type,dish_type
Classic Cabbage Slaw with Grandmother Shinn's Dressing,Food Network,https://www.foodnetwork.com/recipes/classic-cabbage-slaw-with-grandmother-shinns-dressing-recipe-1940391,6,511.28325,https://datahive-prod-dataset-products.s3.eu-central-1.amazonaws.com/dataset/346/0066d6f63e9b4ace21cfdb6a3579251a750aa31719be9b80e032f0fdfafb21c8/21126475.jpg,"[""Balanced""]","[""Vegetarian"",""Gluten-Free"",""Peanut-Free"",""Tree-Nut-Free"",""Soy-Free"",""Fish-Free"",""Shellfish-Free""]",[],"[""american""]","[""lunch/dinner""]","[""salad""]"
Black Bean Soup,Cookstr,http://www.cookstr.com/recipes/black-bean-soup-4-bonnie-tandy-leblang,8,1850.99899,https://datahive-prod-dataset-products.s3.eu-central-1.amazonaws.com/dataset/346/000146940613626dc55ec857d59817f3fcdbb0e606192d4b3d6bf0f28f106ba1/21071596.jpg,"[""High-Fiber""]","[""Dairy-Free"",""Gluten-Free"",""Egg-Free"",""Peanut-Free"",""Tree-Nut-Free"",""Soy-Free"",""Fish-Free"",""Shellfish-Free""]","[""Sulfites""]","[""american""]","[""lunch/dinner""]","[""soup""]"
Eat for Eight Bucks: Tofu with Tomatoes and Cilantro Recipe,Serious Eats,http://www.seriouseats.com/recipes/2010/06/eat-for-eight-bucks-tofu-with-tomatoes-and-cilantro-recipe.html,4,1643.758565371806,https://datahive-prod-dataset-products.s3.eu-central-1.amazonaws.com/dataset/346/000273198e35300038a0b5833e294c23d746b2f59074cc5f235f7b8c47ce852f/20954046.jpg,"[""High-Fiber"",""Low-Carb""]","[""Vegan"",""Vegetarian"",""Dairy-Free"",""Egg-Free"",""Tree-Nut-Free"",""Fish-Free"",""Shellfish-Free""]","[""Gluten"",""Wheat"",""Sulfites""]","[""asian""]","[""lunch/dinner""]","[""main course""]"
Fried Chicken Banh Mi,Food Network,https://www.foodnetwork.com/recipes/fried-chicken-banh-mi-18315478,4,8471.182074998183,https://datahive-prod-dataset-products.s3.eu-central-1.amazonaws.com/dataset/346/0003c1856f51c706fed64ddb5f965c26d5bb1700cd09d45c813a871c97167ada/21008642.jpg,"[""High-Fiber""]","[""Peanut-Free"",""Tree-Nut-Free"",""Fish-Free"",""Shellfish-Free""]","[""Gluten"",""Wheat"",""Sulfites""]","[""south east asian""]","[""lunch/dinner""]","[""sandwiches""]"
The Macaron Frappé,French Revolution Food,http://www.frenchrevolutionfood.com/2013/07/le-macaron-frappe-milkshake-for-bastille-day/,1,276.2439032,https://datahive-prod-dataset-products.s3.eu-central-1.amazonaws.com/dataset/346/00040113c0b2836ed5b9f8a5036d459c20f90a6a950afadff79520371c8c7094/21054266.jpg,[],"[""Vegetarian"",""Peanut-Free"",""Tree-Nut-Free"",""Soy-Free"",""Fish-Free"",""Shellfish-Free""]","[""Sulfites""]","[""french""]","[""snack""]","[""desserts""]"
Cabbage au Gratin,Food52,https://food52.com/recipes/6490-cabbage-au-gratin,2,678.6048670208334,https://datahive-prod-dataset-products.s3.eu-central-1.amazonaws.com/dataset/346/0004e2c028f08b3a1f117735a5d8347c6084c4e42082f5a6dec3ef4bd1bb6341/20978031.jpg,"[""Low-Carb""]","[""Vegetarian"",""Gluten-Free"",""Egg-Free"",""Peanut-Free"",""Tree-Nut-Free"",""Soy-Free"",""Fish-Free"",""Shellfish-Free""]","[""Sulfites""]","[""french""]","[""lunch/dinner""]","[""main course""]"
Gingerbread Cookie Dough,Good Housekeeping,http://www.goodhousekeeping.com/food-recipes/a9976/gingerbread-cookie-dough-recipe/,8,2782.025,https://datahive-prod-dataset-products.s3.eu-central-1.amazonaws.com/dataset/346/00068500d13bb677c70d760b3b65f252a004f4c343e8ad09a30514a51993ac6e/21121527.jpg,"[""Low-Sodium""]","[""Vegetarian"",""Peanut-Free"",""Tree-Nut-Free"",""Soy-Free"",""Fish-Free"",""Shellfish-Free""]",[],"[""american""]","[""snack""]","[""biscuits and cookies""]"
Sparkling Berry Lemonade,nourishnutritionblog.com,https://nourishnutritionblog.com/sparkling-berry-lemonade,2,122.56,https://datahive-prod-dataset-products.s3.eu-central-1.amazonaws.com/dataset/346/0007dd59e38502692898bc76c0bd167444245c97632e1ec0eba0af7c390408a8/21068129.jpg,"[""Low-Fat"",""Low-Sodium""]","[""Vegan"",""Vegetarian"",""Dairy-Free"",""Gluten-Free"",""Egg-Free"",""Peanut-Free"",""Tree-Nut-Free"",""Soy-Free"",""Fish-Free"",""Shellfish-Free""]","[""Sulfites""]","[""american""]","[""snack""]","[""drinks""]"
Thick and Creamy Chocolate Peanut Butter Breakfast Shake recipes,bakerbynature.com,http://bakerbynature.com/thick-creamy-chocolate-peanut-butter-breakfast-shake/,2,633.588,https://datahive-prod-dataset-products.s3.eu-central-1.amazonaws.com/dataset/346/000a5bccd49c9d52f7e8d0fb16e5f347929669c307951d9901cbb08e902b8d5e/21086116.jpeg,"[""High-Fiber"",""Low-Sodium""]","[""Vegetarian"",""Dairy-Free"",""Gluten-Free"",""Egg-Free"",""Soy-Free"",""Fish-Free"",""Shellfish-Free""]","[""Sulfites""]","[""american""]","[""breakfast""]","[""desserts""]"
"Sour Cream, Cheddar and Bacon Deviled Eggs",heavenlydeviledeggs.com,http://heavenlydeviledeggs.com/sour-cream-cheddar-and-bacon-deviled-eggs/,6,1171.768710934364,https://datahive-prod-dataset-products.s3.eu-central-1.amazonaws.com/dataset/346/000aa65a8872aeb18fa2a21b1a33d118848e9c02da60fd951acba0118b3aa05a/21101297.jpg,"[""Low-Carb""]","[""Gluten-Free"",""Peanut-Free"",""Tree-Nut-Free"",""Soy-Free"",""Fish-Free"",""Shellfish-Free""]","[""Sulfites""]","[""american""]","[""breakfast""]","[""main course""]"
Vegetarian Crockpot Baked Beans recipes,veggingattheshore.com,http://veggingattheshore.com/2016/06/vegetarian-crockpot-baked-beans/,4,2072.544158,https://datahive-prod-dataset-products.s3.eu-central-1.amazonaws.com/dataset/346/000b9da4333659d33e4b2de909b8a941248aa3066eb0060b4c747638fe73dff2/21080914.jpeg,"[""High-Fiber"",""Low-Fat""]","[""Vegan"",""Vegetarian"",""Dairy-Free"",""Gluten-Free"",""Egg-Free"",""Peanut-Free"",""Tree-Nut-Free"",""Soy-Free"",""Fish-Free"",""Shellfish-Free""]","[""Sulfites""]","[""american""]","[""lunch/dinner""]","[""main course""]"
Uova in Purgatorio recipes,nj.com,http://www.nj.com/cooking/index.ssf/2014/01/paleo_recipe_eggs_in_purgatori.html,4,2028.186722507752,https://datahive-prod-dataset-products.s3.eu-central-1.amazonaws.com/dataset/346/000c938569581984a9a8d8ab3a09305d9dbb31ff5a17bd2548340e3584f40634/21131287.jpeg,"[""Low-Carb""]","[""Gluten-Free"",""Peanut-Free"",""Tree-Nut-Free"",""Soy-Free"",""Fish-Free"",""Shellfish-Free""]","[""Sulfites""]","[""italian""]","[""lunch/dinner""]","[""main course""]"
Slow Cooker Apple-and-Pear Sauce,Real Simple,https://www.realsimple.com/food-recipes/browse-all-recipes/slow-cooker-apple-and-pear-sauce,22,1628.935866600001,https://datahive-prod-dataset-products.s3.eu-central-1.amazonaws.com/dataset/346/001080cabc9607d70b6f6ad9963be2fd14531e837809d02b61a0d39bda118c3c/21036324.jpeg,"[""Low-Fat"",""Low-Sodium""]","[""Vegan"",""Vegetarian"",""Paleo"",""Dairy-Free"",""Gluten-Free"",""Egg-Free"",""Peanut-Free"",""Tree-Nut-Free"",""Soy-Free"",""Fish-Free"",""Shellfish-Free""]","[""Sulfites""]","[""french""]","[""lunch/dinner""]","[""desserts""]"
Crawfish Fettuccine I,Allrecipes,https://www.allrecipes.com/recipe/21173/crawfish-fettuccine-i,8,4800.157095928837,https://datahive-prod-dataset-products.s3.eu-central-1.amazonaws.com/dataset/346/0010d9c8e16ee51d60407812dc089bbecfb46c843e4abdc0c4cae6f06f7efaa8/21123204.jpg,[],"[""Egg-Free"",""Peanut-Free"",""Tree-Nut-Free"",""Soy-Free"",""Fish-Free""]","[""Sulfites""]","[""italian""]","[""lunch/dinner""]","[""main course"",""starter""]"
Three Can Casserole,food.com,http://www.food.com/recipe/three-can-casserole-104316,4,396.5389547109376,https://datahive-prod-dataset-products.s3.eu-central-1.amazonaws.com/dataset/346/0013b4f667af81f284edeababfd049c16b9b828fdb5989e38093fb6947d15835/21129627.jpg,"[""Balanced""]","[""Vegetarian"",""Egg-Free"",""Peanut-Free"",""Tree-Nut-Free"",""Soy-Free"",""Fish-Free"",""Shellfish-Free""]","[""Sulfites""]","[""american""]","[""lunch/dinner""]","[""main course""]"
Vanilla Custard,Simply Recipes,https://www.simplyrecipes.com/vanilla-custard-recipe-5271484,8,2378.041575572715,https://datahive-prod-dataset-products.s3.eu-central-1.amazonaws.com/dataset/346/00141a90f711618c86d05e4394aa42bc63003f954fd6b3c52cf5f17fc684c107/21008842.jpg,"[""Low-Sodium""]","[""Vegetarian"",""Gluten-Free"",""Peanut-Free"",""Tree-Nut-Free"",""Soy-Free"",""Fish-Free"",""Shellfish-Free""]","[""Gluten"",""Wheat""]","[""american""]","[""snack""]","[""desserts""]"
Mustard Crumbed Pork Chops,huffingtonpost.com,http://www.huffingtonpost.com/2011/10/27/mustard-crumbed-pork-chop_n_1057090.html,4,1557.375,https://datahive-prod-dataset-products.s3.eu-central-1.amazonaws.com/dataset/346/001491850077e9fc85b5d3ceff551643f4d092d97c6a22bf36564946c6fe599f/21103481.jpg,"[""Low-Carb""]","[""Dairy-Free"",""Egg-Free"",""Peanut-Free"",""Tree-Nut-Free"",""Soy-Free"",""Fish-Free"",""Shellfish-Free""]","[""Sulfites""]","[""american""]","[""lunch/dinner""]","[""main course""]"
Chicken Wings in Honey Sauce - Crock Pot Recipe,recipeofhealth.com,http://recipeofhealth.com/recipe/chicken-wings-in-honey-sauce-crock-pot-143345rb,4,4428.644925,https://datahive-prod-dataset-products.s3.eu-central-1.amazonaws.com/dataset/346/00150285b023012175a09cbd563f58d6e2b398db628c425a98cc503cfbc2d286/21019814.jpg,"[""Balanced""]","[""Dairy-Free"",""Egg-Free"",""Peanut-Free"",""Tree-Nut-Free"",""Fish-Free"",""Shellfish-Free""]","[""Sulfites""]","[""american""]","[""lunch/dinner""]","[""main course""]"
Stud Muffins,Food Network,https://www.foodnetwork.com/recipes/stud-muffins-7256302,12,7194.969999926486,https://datahive-prod-dataset-products.s3.eu-central-1.amazonaws.com/dataset/346/0015fdc8462d739dcc15a1678dc2a238f099c3b98200f02d99b42ad726e35aed/21095402.jpg,"[""High-Fiber""]","[""Vegetarian"",""Peanut-Free"",""Soy-Free"",""Fish-Free"",""Shellfish-Free""]","[""Tree-Nuts"",""Sulfites"",""FODMAP""]","[""american""]","[""breakfast""]","[""biscuits and cookies""]"
"Red, White and Green Soup",Food52,https://food52.com/recipes/35314-red-white-and-green-soup,30,2021.839991361706,https://datahive-prod-dataset-products.s3.eu-central-1.amazonaws.com/dataset/346/00173e4199b334f958f23fa7df4b326701cad55ceff8125eeaa9b34baa0a9305/20980349.jpg,"[""Balanced""]","[""Gluten-Free"",""Egg-Free"",""Peanut-Free"",""Tree-Nut-Free"",""Soy-Free"",""Fish-Free"",""Shellfish-Free""]","[""Sulfites""]","[""french""]","[""lunch/dinner""]","[""soup""]"
Pumpkin Waffles,strengthandsunshine.com,https://strengthandsunshine.com/introducing-pumpkin-waffles,1,191.5537941,https://datahive-prod-dataset-products.s3.eu-central-1.amazonaws.com/dataset/346/00177023dabcad4aeaaa534e7b53ce27f6be51e80c35ae8a4a897b75d6299cbc/21075735.jpg,"[""High-Fiber"",""Low-Fat""]","[""Vegan"",""Vegetarian"",""Dairy-Free"",""Gluten-Free"",""Egg-Free"",""Peanut-Free"",""Tree-Nut-Free"",""Soy-Free"",""Fish-Free"",""Shellfish-Free""]","[""Soy"",""Sulfites"",""FODMAP""]","[""french""]","[""breakfast""]","[""desserts""]"
Satay Ayam (Chicken Satay),Saveur,https://www.saveur.com/article/Recipes/Satay-Ayam-Chicken-Satay/,30,3071.146499450043,https://datahive-prod-dataset-products.s3.eu-central-1.amazonaws.com/dataset/346/0017d8e8a6b7bd55ddfc356c60c65a36de6839406a542c5088882de180ba50ca/21000981.jpg,"[""Low-Carb""]","[""Dairy-Free"",""Gluten-Free"",""Egg-Free"",""Tree-Nut-Free"",""Soy-Free"",""Fish-Free"",""Shellfish-Free""]",[],"[""south east asian""]","[""lunch/dinner""]","[""main course""]"
Feijoada (Brazilian-Style Stew) recipes,ricardocuisine.com,https://www.ricardocuisine.com/en/recipes/6387--i-feijoada-i--brazilian-style-stew-,7,6490.916841479927,https://datahive-prod-dataset-products.s3.eu-central-1.amazonaws.com/dataset/346/001c45af2f63a97341ea47ec76928aa48c13749d4013df35871ad41340c0635b/21093112.jpeg,"[""High-Fiber"",""Low-Carb""]","[""Dairy-Free"",""Gluten-Free"",""Egg-Free"",""Peanut-Free"",""Tree-Nut-Free"",""Soy-Free"",""Fish-Free"",""Shellfish-Free""]","[""Sulfites""]","[""south american""]","[""lunch/dinner""]","[""main course""]"
Gluten Free Peanut Butter Pancakes,hometoheather.com,https://hometoheather.com/2015/03/peanut-butter-and-honey-protein-pancakes/,8,2007.349,https://datahive-prod-dataset-products.s3.eu-central-1.amazonaws.com/dataset/346/001c79bd380f2e58e3bcf84b6c8af961cdcc8efa0b5d67c886a91e35754cf6c1/21103644.jpg,"[""Low-Carb"",""Low-Sodium""]","[""Vegetarian"",""Gluten-Free"",""Tree-Nut-Free"",""Soy-Free"",""Fish-Free"",""Shellfish-Free""]","[""Sulfites""]","[""american""]","[""breakfast""]","[""pancake""]"
Kentucky Lemonade – Bourbon Cocktail Recipe,mom4real.com,https://www.mom4real.com/kentucky-lemonade-bourbon-cocktail-recipe/,2,316.0489773,https://datahive-prod-dataset-products.s3.eu-central-1.amazonaws.com/dataset/346/001d38053b8515bfa7900b70ea0d3342e5e31dcae44be0037d5be96b526aa30f/21080317.jpg,"[""Low-Fat"",""Low-Sodium""]","[""Vegan"",""Vegetarian"",""Dairy-Free"",""Gluten-Free"",""Egg-Free"",""Peanut-Free"",""Tree-Nut-Free"",""Soy-Free"",""Fish-Free"",""Shellfish-Free""]",[],"[""world""]","[""lunch/dinner""]","[""alcohol cocktail""]"
Kaleslaw,Elana's Pantry,http://www.elanaspantry.com/kaleslaw/,4,418.8724999999999,https://datahive-prod-dataset-products.s3.eu-central-1.amazonaws.com/dataset/346/001f9709f83285250fea37a3791e52d6c01c21e0bf143b5aea64539c3dd38799/21093033.jpg,"[""High-Fiber"",""Low-Sodium""]","[""Vegan"",""Vegetarian"",""Paleo"",""Dairy-Free"",""Gluten-Free"",""Egg-Free"",""Peanut-Free"",""Soy-Free"",""Fish-Free"",""Shellfish-Free""]",[],"[""american""]","[""lunch/dinner""]","[""main course""]"
HORSERADISH CRUSTED BEEF TENDERLOIN,shoppersfood.com,https://www.shoppersfood.com/recipes/view-recipe.17672.sd.html,10,2651.048226587786,https://datahive-prod-dataset-products.s3.eu-central-1.amazonaws.com/dataset/346/001fd142989d7c67d0b228caef3fd8bc18be26126e44aa2e1940d9cb5e43c046/21131533.jpg,"[""Low-Carb""]","[""Dairy-Free"",""Egg-Free"",""Peanut-Free"",""Tree-Nut-Free"",""Soy-Free"",""Fish-Free"",""Shellfish-Free""]",[],"[""american""]","[""lunch/dinner""]","[""main course""]"
Grilled Lamb and Potato Brochettes,Men's Health,https://www.menshealth.com/recipes/grilled-lamb-and-potato-brochettes,26,9251.932710365249,https://datahive-prod-dataset-products.s3.eu-central-1.amazonaws.com/dataset/346/0022be3d203d68c9dfa461b8c4e54223a154f9c0f2f9e7fc7effb603176fb01d/21089863.jpg,"[""Low-Carb""]","[""Dairy-Free"",""Gluten-Free"",""Egg-Free"",""Peanut-Free"",""Tree-Nut-Free"",""Soy-Free"",""Fish-Free"",""Shellfish-Free""]",[],"[""mediterranean""]","[""lunch/dinner""]","[""main course""]"
Salmon with Blueberry Balsamic Sauce recipes,shescookin.com,http://shescookin.com/2013/11/30/lets-not-talk-turkey-salmon-with-blueberry-balsamic-sauce/,2,1006.506193534405,https://datahive-prod-dataset-products.s3.eu-central-1.amazonaws.com/dataset/346/0025f60875dd3c07ab56a722af92c93c2719a825702756327bfe954d8eb9117c/21121905.jpeg,"[""Low-Carb"",""Low-Sodium""]","[""Gluten-Free"",""Egg-Free"",""Peanut-Free"",""Tree-Nut-Free"",""Soy-Free"",""Shellfish-Free""]","[""Sulfites"",""FODMAP""]","[""nordic""]","[""lunch/dinner""]","[""condiments and sauces""]"
Red Borscht,Food & Wine,https://www.foodandwine.com/recipes/red-borscht,6,530.0120643,https://datahive-prod-dataset-products.s3.eu-central-1.amazonaws.com/dataset/346/002698a35802ef93c233ae18eb06c54a10df0c17aac8f39303bcb9b599e3c923/21055861.jpg,"[""Balanced""]","[""Vegan"",""Vegetarian"",""Dairy-Free"",""Gluten-Free"",""Egg-Free"",""Peanut-Free"",""Tree-Nut-Free"",""Soy-Free"",""Fish-Free"",""Shellfish-Free""]","[""Sulfites""]","[""south east asian""]","[""lunch/dinner""]","[""soup""]"
Georgian Grilled-Tomato Sauce,Delish,https://www.delish.com/cooking/recipe-ideas/recipes/a15764/georgian-grilled-tomato-sauce-recipe-fw0611/,4,136.954295,https://datahive-prod-dataset-products.s3.eu-central-1.amazonaws.com/dataset/346/0027b4d73091a66e3ab27e1376075524feb4472fd1c50129dfd33a2896c6cc7c/21091671.jpg,"[""Low-Fat""]","[""Vegan"",""Vegetarian"",""Paleo"",""Dairy-Free"",""Gluten-Free"",""Egg-Free"",""Peanut-Free"",""Tree-Nut-Free"",""Soy-Free"",""Fish-Free"",""Shellfish-Free""]",[],"[""mexican"",""middle eastern""]","[""lunch/dinner""]","[""condiments and sauces""]"
Southwest Stuffed Peppers Recipe 4,Taste of Home,http://www.tasteofhome.com/Recipes/Southwest-Stuffed-Peppers,4,1581.492427090846,https://datahive-prod-dataset-products.s3.eu-central-1.amazonaws.com/dataset/346/0029a8842761f619f86bad9bcca37769403566529ac1e35e6ac175c6657bdfb8/21067959.jpg,"[""Low-Carb""]","[""Gluten-Free"",""Egg-Free"",""Peanut-Free"",""Tree-Nut-Free"",""Soy-Free"",""Fish-Free"",""Shellfish-Free""]","[""Gluten"",""Wheat"",""Sulfites""]","[""mediterranean""]","[""lunch/dinner""]","[""main course""]"
Pressure Cooker Jalapeño Cheddar Cornbread,tidbits-marci.com,https://tidbits-marci.com/pressure-cooker-jalapeno-cheddar-cornbread,6,2202.585,https://datahive-prod-dataset-products.s3.eu-central-1.amazonaws.com/dataset/346/0029f70a3cabe6da0e07e6f82c1f9feb58250a0ba1695439cac5429b33d4a0a7/21055549.jpg,"[""Balanced""]","[""Peanut-Free"",""Tree-Nut-Free"",""Soy-Free"",""Fish-Free"",""Shellfish-Free""]","[""Sulfites""]","[""american""]","[""breakfast""]","[""bread""]"
Fiesta Spaghetti Tacos,Betty Crocker,http://www.bettycrocker.com/recipes/fiesta-spaghetti-tacos/a6509e7b-165a-42de-8b42-dc724bc29f9a,5,2639.504451,https://datahive-prod-dataset-products.s3.eu-central-1.amazonaws.com/dataset/346/002b86730313c86e419897052d713b1e3f5d578e9f7935033d137dfd8fd7f7ea/20981872.jpg,"[""Balanced""]","[""Egg-Free"",""Peanut-Free"",""Tree-Nut-Free"",""Soy-Free"",""Fish-Free"",""Shellfish-Free""]","[""Eggs"",""Milk"",""Sulfites""]","[""italian""]","[""lunch/dinner""]","[""main course""]"
Breakfast Buns,Allrecipes,https://www.allrecipes.com/recipe/124453/breakfast-buns/,16,2449.236999999524,https://datahive-prod-dataset-products.s3.eu-central-1.amazonaws.com/dataset/346/002c2742170cc1202b5e70671fe3c24286dba4211cc388f5fc370d6859e7c5c4/21072452.jpg,"[""Low-Sodium""]","[""Vegetarian"",""Peanut-Free"",""Tree-Nut-Free"",""Soy-Free"",""Fish-Free"",""Shellfish-Free""]","[""Sulfites""]","[""british""]","[""breakfast""]","[""biscuits and cookies""]"
Meat and Vegetable Wontons,eatsmarter.com,https://eatsmarter.com/recipes/meat-and-vegetable-wontons,4,2796.282499999735,https://datahive-prod-dataset-products.s3.eu-central-1.amazonaws.com/dataset/346/002c809249f2bf78f506c703cbccf53bb88d0afa8a6df7918420ad9abe12e62e/21055250.jpg,"[""Balanced""]","[""Dairy-Free"",""Peanut-Free"",""Tree-Nut-Free"",""Shellfish-Free""]","[""Shellfish"",""Sulfites"",""FODMAP""]","[""chinese""]","[""lunch/dinner""]","[""main course""]"
Gluten Free Deviled Green Eggs and Ham Recipe,simplygluten-free.com,https://simplygluten-free.com/blog/2017/03/gluten-free-deviled-green-eggs-ham-recipe.html,24,1970.707688,https://datahive-prod-dataset-products.s3.eu-central-1.amazonaws.com/dataset/346/002d82f4533cef79bb22329b8e3ffb280e6f27f7ac24496a5ea103ef26d2e1c8/21125356.jpg,"[""Low-Carb"",""Low-Sodium""]","[""Paleo"",""Dairy-Free"",""Gluten-Free"",""Peanut-Free"",""Tree-Nut-Free"",""Soy-Free"",""Fish-Free"",""Shellfish-Free""]","[""Sulfites""]","[""eastern europe""]","[""lunch/dinner""]","[""main course""]"
Classic Spaghetti,nathanandchristinamakefood.com,http://nathanandchristinamakefood.com/recipes/entrees/classic-spaghetti,4,4737.551223400001,https://datahive-prod-dataset-products.s3.eu-central-1.amazonaws.com/dataset/346/002e7cd99284b51fc8713e5050b9a5ab1316a5009ffe7d4417d06ea0298e3aeb/21110999.jpg,"[""High-Fiber"",""Low-Carb""]","[""Peanut-Free"",""Tree-Nut-Free"",""Soy-Free"",""Fish-Free"",""Shellfish-Free""]","[""Sulfites""]","[""italian""]","[""lunch/dinner""]","[""main course""]"
Grilled Oysters with Fennel Butter,Allrecipes,https://www.allrecipes.com/recipe/13728/grilled-oysters-with-fennel-butter,24,2621.148624999972,https://datahive-prod-dataset-products.s3.eu-central-1.amazonaws.com/dataset/346/002eb5eb1ba3f6cbd3657c17dd6353223c976a3a25d0a0801eb9ea80614d0332/21048366.jpg,"[""Low-Carb"",""Low-Sodium""]","[""Gluten-Free"",""Egg-Free"",""Peanut-Free"",""Tree-Nut-Free"",""Soy-Free"",""Fish-Free""]",[],"[""mediterranean""]","[""lunch/dinner""]","[""main course""]"
"Smashed broad beans, peas and mint with homemade ricotta recipe",goodfood.com.au,https://www.goodfood.com.au/recipes/smashed-broad-beans-peas-and-mint-with-homemade-ricotta-recipe-20161011-grztqx,4,2502.859752672875,https://datahive-prod-dataset-products.s3.eu-central-1.amazonaws.com/dataset/346/0031174c70ccc4ccdf5c42e241c23e2ea424c06a11d918c872ff51a78846227e/21092985.jpg,"[""Balanced"",""High-Fiber""]","[""Vegetarian"",""Egg-Free"",""Peanut-Free"",""Tree-Nut-Free"",""Soy-Free"",""Fish-Free"",""Shellfish-Free""]","[""Sulfites""]","[""mediterranean""]","[""lunch/dinner""]","[""main course""]"
Chocolate-Banana Protein Smoothie recipes,livesimply.me,http://livesimply.me/2014/06/15/chocolate-banana-protein-smoothie/,4,788.141,https://datahive-prod-dataset-products.s3.eu-central-1.amazonaws.com/dataset/346/0034248a66bd1c0b4ae27e3ce30b57e4d476d57f9908a9bd813673f1f680e506/21112585.jpeg,"[""Balanced"",""Low-Sodium""]","[""Vegetarian"",""Gluten-Free"",""Egg-Free"",""Tree-Nut-Free"",""Soy-Free"",""Fish-Free"",""Shellfish-Free""]","[""Gluten"",""Wheat"",""Sulfites""]","[""american""]","[""breakfast""]","[""drinks""]"
Mongolian Beef,Allrecipes,https://www.allrecipes.com/recipe/81972/mongolian-beef,6,1692.937049387563,https://datahive-prod-dataset-products.s3.eu-central-1.amazonaws.com/dataset/346/0034546fc7c51dfc499c0e80c1757d690fb16c61c4f04a66d27095fcc660325c/21068105.jpg,"[""Low-Carb""]","[""Dairy-Free"",""Egg-Free"",""Tree-Nut-Free"",""Fish-Free""]","[""Gluten"",""Wheat"",""Sulfites""]","[""asian""]","[""lunch/dinner""]","[""main course""]"
Whipped Ricotta Toast with Quick Peach-Raspberry Jam,Food Network,https://www.foodnetwork.com/recipes/bobby-flay/whipped-ricotta-toast-with-quick-peach-raspberry-jam-3219828,6,2546.687049,https://datahive-prod-dataset-products.s3.eu-central-1.amazonaws.com/dataset/346/003629474566ca163db5797162227d8a37e8d97f0d8e9dfbb1adc2f74a061a67/21126440.jpg,"[""High-Fiber""]","[""Vegetarian"",""Peanut-Free"",""Tree-Nut-Free"",""Soy-Free"",""Fish-Free"",""Shellfish-Free""]","[""Sulfites""]","[""british""]","[""breakfast""]","[""desserts""]"
Berry Kale Smoothie recipes,couponingfor4.net,http://www.couponingfor4.net/easy-berry-kale-smoothie-recipe/,4,252.2,https://datahive-prod-dataset-products.s3.eu-central-1.amazonaws.com/dataset/346/003c88114bc6f04304c6fed693d56b8c8eeea3bbf82b4cfd58331e65a8d00924/21108191.jpeg,"[""Low-Fat"",""Low-Sodium""]","[""Vegan"",""Vegetarian"",""Paleo"",""Dairy-Free"",""Gluten-Free"",""Egg-Free"",""Peanut-Free"",""Tree-Nut-Free"",""Soy-Free"",""Fish-Free"",""Shellfish-Free""]","[""Sulfites"",""FODMAP""]","[""american""]","[""breakfast""]","[""drinks""]"
Chocolate Chip Cookie Cherry Cobbler,Food Network,https://www.foodnetwork.com/recipes/food-network-kitchen/chocolate-chip-cookie-cherry-cobbler-3813668,8,3300.177666666666,https://datahive-prod-dataset-products.s3.eu-central-1.amazonaws.com/dataset/346/003dc6a4c2ac868e99193b832ec78b69108625e23a5af056cbb8dd870c4cac57/21096649.jpg,[],"[""Vegetarian"",""Peanut-Free"",""Tree-Nut-Free"",""Soy-Free"",""Fish-Free"",""Shellfish-Free""]","[""Sulfites""]","[""american""]","[""snack""]","[""desserts""]"
Meatballs with Spaghetti Sauce Recipe 4,Taste of Home,http://www.tasteofhome.com/Recipes/Meatballs-with-Spaghetti-Sauce,2,1284.282855887406,https://datahive-prod-dataset-products.s3.eu-central-1.amazonaws.com/dataset/346/003de0a9eef8424501d95f8816eb23a67e868233592f1f15a4061eef5ba55a5b/21089005.jpg,"[""High-Fiber""]","[""Peanut-Free"",""Tree-Nut-Free"",""Soy-Free"",""Fish-Free"",""Shellfish-Free""]","[""Sulfites""]","[""italian""]","[""lunch/dinner""]","[""main course""]"
Nutella Cashew Butter,milkandcardamom.com,http://milkandcardamom.com/2015/09/01/nutella-cashew-butter/,8,1707.026833334293,https://datahive-prod-dataset-products.s3.eu-central-1.amazonaws.com/dataset/346/003ec6a9682fcb5003d1c5e522a789dc9bf79b8f20185aea34bcfbc016df7360/21123332.jpg,"[""Low-Carb"",""Low-Sodium""]","[""Vegetarian"",""Gluten-Free"",""Egg-Free"",""Peanut-Free"",""Soy-Free"",""Fish-Free"",""Shellfish-Free""]","[""Tree-Nuts"",""Sulfites""]","[""american""]","[""snack""]","[""desserts""]"
Gluten Free Angel Food Cake with Peach Sangria Sauce Recipe,simplygluten-free.com,https://simplygluten-free.com/blog/2012/08/gluten-free-angel-food-cake-with-peach-sangria-sauce-recipe.html,8,2751.853,https://datahive-prod-dataset-products.s3.eu-central-1.amazonaws.com/dataset/346/003fc000ac1add63cacd414a2a5158f3c33aef071023a431e98150837c688387/21073324.jpg,"[""Low-Fat""]",[],"[""Sulfites""]","[""mediterranean""]","[""lunch/dinner""]","[""desserts""]"
Cumin-Chile Lamb Kebabs with Garlic Yogurt,Bon Appetit,https://www.bonappetit.com/recipe/cumin-chile-lamb-kebabs-garlic-yogurt,4,1974.569424918447,https://datahive-prod-dataset-products.s3.eu-central-1.amazonaws.com/dataset/346/00400df3572f55aa54546063fe5cea3049b5f8e76bb41ece9da325cbf6e7c8fc/21020372.jpg,"[""Low-Carb""]","[""Gluten-Free"",""Egg-Free"",""Peanut-Free"",""Tree-Nut-Free"",""Soy-Free"",""Fish-Free"",""Shellfish-Free""]","[""Sulfites""]","[""middle eastern""]","[""lunch/dinner""]","[""main course""]"
Tangy Charred Coleslaw,Good Housekeeping,https://www.goodhousekeeping.com/food-recipes/a27530080/tangy-charred-coleslaw-recipe,8,1109.553713101933,https://datahive-prod-dataset-products.s3.eu-central-1.amazonaws.com/dataset/346/00429ec9c205132e8680e5d77ef325d10294e7a65e954dfca8c4a03d29ab11f2/21125794.jpg,"[""High-Fiber""]","[""Vegan"",""Vegetarian"",""Dairy-Free"",""Gluten-Free"",""Egg-Free"",""Tree-Nut-Free"",""Soy-Free"",""Fish-Free"",""Shellfish-Free""]","[""Sulfites""]","[""central europe""]","[""lunch/dinner""]","[""salad""]"
Arctic Char with Tangerine-Habanero Glaze and Meyer Lemon Couscous Broth,Food Network,https://www.foodnetwork.com/recipes/bobby-flay/arctic-char-with-tangerine-habanero-glaze-and-meyer-lemon-couscous-broth-recipe-1946063,4,4507.904855471683,https://datahive-prod-dataset-products.s3.eu-central-1.amazonaws.com/dataset/346/004304762fcd0a153230b414b6d5eb50f71ba05d8bf30ef58fe64bf79d9d0916/21124615.jpg,"[""Balanced""]","[""Egg-Free"",""Peanut-Free"",""Tree-Nut-Free"",""Soy-Free"",""Shellfish-Free""]","[""Sulfites"",""FODMAP""]","[""american""]","[""lunch/dinner""]","[""main course""]"
Fresh Tomatillo Salsa recipes,acedarspoon.com,http://www.acedarspoon.com/fresh-tomatillo-salsa/,4,190.8695583999349,https://datahive-prod-dataset-products.s3.eu-central-1.amazonaws.com/dataset/346/0043f7a143fe47bdc7e65e12b94b30d6d95b3b6d881e3ecc7a15c8321eb2d4b8/21110139.jpeg,[],"[""Vegan"",""Vegetarian"",""Paleo"",""Dairy-Free"",""Gluten-Free"",""Egg-Free"",""Peanut-Free"",""Tree-Nut-Free"",""Soy-Free"",""Fish-Free"",""Shellfish-Free""]","[""Sulfites""]","[""south american""]","[""lunch/dinner""]","[""condiments and sauces""]"
Corn and Crab Fritters with Sunny Spiked Aioli,Food52,https://food52.com/recipes/12010-corn-and-crab-fritters-with-sunny-spiked-aioli,4,1983.654844,https://datahive-prod-dataset-products.s3.eu-central-1.amazonaws.com/dataset/346/00444e34d2882e328b75ae72c6524a42177fb4f50e3bf5260bcc8eb46b1b5eae/20985927.jpg,"[""Low-Carb""]","[""Vegetarian"",""Paleo"",""Dairy-Free"",""Gluten-Free"",""Peanut-Free"",""Tree-Nut-Free"",""Soy-Free"",""Fish-Free"",""Shellfish-Free""]","[""Sulfites""]","[""american""]","[""lunch/dinner""]","[""main course""]"
Coffee Crème Caramel,Bon Appetit,https://www.bonappetit.com/recipe/coffee-creme-caramel,8,1762.918333331241,https://datahive-prod-dataset-products.s3.eu-central-1.amazonaws.com/dataset/346/0045a90a6d08c5c7ed4e1d9a45b204ef64d5889949df2f2196dc8cf8292e4285/21003905.jpg,"[""Low-Sodium""]","[""Vegetarian"",""Gluten-Free"",""Peanut-Free"",""Tree-Nut-Free"",""Soy-Free"",""Fish-Free"",""Shellfish-Free""]","[""Sulfites""]","[""french""]","[""lunch/dinner""]","[""desserts""]"
Slow Cooker Chicken Cacciatore,passionatepennypincher.com,https://passionatepennypincher.com/slow-cooker-chicken-cacciatore,10,2883.436596961823,https://datahive-prod-dataset-products.s3.eu-central-1.amazonaws.com/dataset/346/004806079b2185644464d29c08c04ce96a0702e6108765407f8308e1c04e3c26/21129349.jpg,"[""High-Fiber""]","[""Dairy-Free"",""Egg-Free"",""Peanut-Free"",""Tree-Nut-Free"",""Soy-Free"",""Fish-Free"",""Shellfish-Free""]","[""Eggs"",""Soy"",""Sulfites""]","[""italian""]","[""lunch/dinner""]","[""main course""]"
No -Peanut Paleo Peanut Sauce,tessadomesticdiva.com,http://www.tessadomesticdiva.com/2013/05/paleo-no-peanut-thai-peanut-sauce.html,6,1174.967000013353,https://datahive-prod-dataset-products.s3.eu-central-1.amazonaws.com/dataset/346/0049ed6132d096cb4b5b51edc1be60feeccca3968942b1203e15aeb2be6a6e85/21135407.jpg,"[""Low-Carb"",""Low-Sodium""]","[""Vegan"",""Vegetarian"",""Dairy-Free"",""Gluten-Free"",""Egg-Free"",""Peanut-Free"",""Tree-Nut-Free"",""Fish-Free"",""Shellfish-Free""]","[""Tree-Nuts"",""Sulfites""]","[""south east asian""]","[""lunch/dinner""]","[""condiments and sauces""]"
Perfect Berry Shortcakes,Allrecipes,https://www.allrecipes.com/recipe/76969/perfect-berry-shortcakes,6,3797.269751499524,https://datahive-prod-dataset-products.s3.eu-central-1.amazonaws.com/dataset/346/004af33dd3fc23977a2efced2cb766ea36320967f8b6e21092a6750b14636416/21056738.jpg,"[""High-Fiber""]","[""Vegetarian"",""Peanut-Free"",""Tree-Nut-Free"",""Soy-Free"",""Fish-Free"",""Shellfish-Free""]","[""Sulfites""]","[""american""]","[""lunch/dinner""]","[""desserts""]"
Creamy Garlic Mashed Potatoes recipes,onionringsandthings.com,http://www.onionringsandthings.com/2016/10/creamy-garlic-mashed-potatoes/,4,2350.167,https://datahive-prod-dataset-products.s3.eu-central-1.amazonaws.com/dataset/346/004c2d3ad5112ff30a031653ebcdf1a69af8a35c3f77bf02c9d9ad9493b4c3db/21042989.jpeg,[],"[""Vegetarian"",""Gluten-Free"",""Egg-Free"",""Peanut-Free"",""Tree-Nut-Free"",""Soy-Free"",""Fish-Free"",""Shellfish-Free""]",[],"[""american""]","[""lunch/dinner""]","[""starter""]"
Recipes At Penzeys Spices Crispy Cheese Crackers,Penzeys,http://www.penzeys.com/cgi-bin/penzeys/recipes/r-penzeyscheesecrackers.html?id=X5QacIKP,12,2820.8,https://datahive-prod-dataset-products.s3.eu-central-1.amazonaws.com/dataset/346/004da7b1eda11dc079f9de944841502a46076e257fed618ce6706f1f8171cdeb/21108032.jpg,"[""Low-Carb""]","[""Vegetarian"",""Peanut-Free"",""Tree-Nut-Free"",""Soy-Free"",""Fish-Free"",""Shellfish-Free""]","[""Sulfites""]","[""american""]","[""snack""]","[""biscuits and cookies""]"
Hot Chocolate,Food Network,https://www.foodnetwork.com/recipes/hot-chocolate-recipe-1962772,4,2690.917332,https://datahive-prod-dataset-products.s3.eu-central-1.amazonaws.com/dataset/346/0066d6f63e9b4ace21cfdb6a3579251a750aa31719be9b80e032f0fdfafb21c8/21126475.jpg,"[""Low-Carb""]","[""Vegetarian"",""Gluten-Free"",""Egg-Free"",""Peanut-Free"",""Tree-Nut-Free"",""Soy-Free"",""Fish-Free"",""Shellfish-Free""]","[""Sulfites""]","[""american""]","[""snack""]","[""drinks""]"
Boozy Iced Mocha,tinaschic.com,http://tinaschic.com/2015/01/boozy-iced-mocha/,2,229.3476421,https://datahive-prod-dataset-products.s3.eu-central-1.amazonaws.com/dataset/346/00508db48da28599b456cbba427d97f83af141924ecd19bcb1e5ff38046901e7/21078968.jpg,"[""Low-Fat"",""Low-Sodium""]","[""Vegetarian"",""Gluten-Free"",""Egg-Free"",""Peanut-Free"",""Tree-Nut-Free"",""Soy-Free"",""Fish-Free"",""Shellfish-Free""]","[""Sulfites""]","[""world""]","[""lunch/dinner""]","[""alcohol cocktail""]"
Marinated Flank Steak,BigOven,https://www.bigoven.com/recipe/marinated-flank-steak/1035992,6,1688.186,https://datahive-prod-dataset-products.s3.eu-central-1.amazonaws.com/dataset/346/0051775412418bd096b863b5c86e498c703396d6c990c7c985acf392053b8351/21099709.jpg,"[""Low-Sodium""]","[""Dairy-Free"",""Egg-Free"",""Peanut-Free"",""Tree-Nut-Free"",""Shellfish-Free""]","[""Sulfites""]","[""american""]","[""lunch/dinner""]","[""main course""]"
Star-Struck Blueberry Cobbler,Delish,http://www.delish.com/cooking/recipe-ideas/recipes/a30374/blueberry-cobbler/,6,937.1550000050801,https://datahive-prod-dataset-products.s3.eu-central-1.amazonaws.com/dataset/346/005185b5c43cdf983fff863980046256532c6575aee2cae1bd41832386f88526/21077966.jpg,"[""Low-Fat"",""Low-Sodium""]","[""Vegan"",""Vegetarian"",""Dairy-Free"",""Gluten-Free"",""Egg-Free"",""Peanut-Free"",""Tree-Nut-Free"",""Soy-Free"",""Fish-Free"",""Shellfish-Free""]","[""Gluten"",""Wheat"",""Sulfites""]","[""american""]","[""lunch/dinner""]","[""desserts""]"
Mushroom Kabob Appetizers,food.com,http://www.food.com/recipe/mushroom-kabob-appetizers-103442,6,337.1046607000001,https://datahive-prod-dataset-products.s3.eu-central-1.amazonaws.com/dataset/346/00518d3e06d46ffef9e7b99e8229daaca059312c3ad4160855480d66d52877b7/21115577.jpg,"[""Low-Carb"",""Low-Sodium""]","[""Vegetarian"",""Gluten-Free"",""Egg-Free"",""Peanut-Free"",""Tree-Nut-Free"",""Soy-Free"",""Fish-Free"",""Shellfish-Free""]","[""Sulfites""]","[""american""]","[""lunch/dinner""]","[""starter""]"
Braised Brussels sprouts with bacon,simply-delicious-food.com,http://simply-delicious-food.com/braised-brussels-sprouts-bacon/,8,1946.348066549138,https://datahive-prod-dataset-products.s3.eu-central-1.amazonaws.com/dataset/346/0055731abf290ed33bdc16cef5caaceee9596df55866685f093f3232ab402765/21117580.jpg,"[""Low-Carb""]","[""Gluten-Free"",""Egg-Free"",""Peanut-Free"",""Tree-Nut-Free"",""Soy-Free"",""Fish-Free"",""Shellfish-Free""]","[""Sulfites""]","[""american""]","[""lunch/dinner""]","[""main course""]"
Fruit salad lollies,homemadebyyou.co.uk,https://www.homemadebyyou.co.uk/recipes/desserts/fruit-salad-lollies,4,209.0006662782302,https://datahive-prod-dataset-products.s3.eu-central-1.amazonaws.com/dataset/346/0055803f770b1a03471fdff9862dfd76c8656a21e94f2d770df67ca6776f36c0/21096697.jpg,"[""Low-Fat"",""Low-Sodium""]","[""Vegan"",""Vegetarian"",""Paleo"",""Dairy-Free"",""Gluten-Free"",""Egg-Free"",""Peanut-Free"",""Tree-Nut-Free"",""Soy-Free"",""Fish-Free"",""Shellfish-Free""]","[""Sulfites""]","[""world""]","[""lunch/dinner""]","[""alcohol cocktail""]"
"Potato Nests with Peas, Ham and Cream Cheese",Food Network,https://www.foodnetwork.com/recipes/food-network-kitchen/potato-nests-with-peas-ham-and-cream-cheese-3558333,36,2270.533964855311,https://datahive-prod-dataset-products.s3.eu-central-1.amazonaws.com/dataset/346/0055e57ad00cf90a0d098b808c1c53ee3ea150d7bc555e085a2ac5b783a2d225/21126964.jpg,"[""Low-Sodium""]","[""Gluten-Free"",""Egg-Free"",""Peanut-Free"",""Tree-Nut-Free"",""Fish-Free"",""Shellfish-Free""]","[""Sulfites""]","[""american""]","[""lunch/dinner""]","[""main course""]"
Pad Thai with Shrimp,afarmgirlsdabbles.com,https://www.afarmgirlsdabbles.com/pad-thai-with-shrimp-recipe/,2,1204.170479891228,https://datahive-prod-dataset-products.s3.eu-central-1.amazonaws.com/dataset/346/0058e65b4ecf8ff88526e26967fe0d9b051145ea8f52f696aae4a979dc018cf4/21135621.jpg,"[""High-Fiber"",""Low-Fat""]","[""Dairy-Free"",""Tree-Nut-Free""]","[""Shellfish"",""Sulfites"",""FODMAP""]","[""south east asian""]","[""lunch/dinner""]","[""main course""]"
Citrus Fennel and Avocado Salad recipes,mylifewellloved.com,http://mylifewellloved.com/how-to-eat-seasonally/,4,1745.108655,https://datahive-prod-dataset-products.s3.eu-central-1.amazonaws.com/dataset/346/005a92928a34f758851044d2549878ecd0ab90a4abf3c7a12d1ac58640e071a5/21052832.jpeg,"[""High-Fiber""]","[""Vegetarian"",""Paleo"",""Dairy-Free"",""Gluten-Free"",""Egg-Free"",""Peanut-Free"",""Tree-Nut-Free"",""Soy-Free"",""Fish-Free"",""Shellfish-Free""]","[""Sulfites""]","[""mediterranean""]","[""lunch/dinner""]","[""salad""]"
Leeks with bacon & mushrooms,BBC Good Food,https://www.bbcgoodfood.com/recipes/leeks-bacon-mushrooms,6,972.4544000000001,https://datahive-prod-dataset-products.s3.eu-central-1.amazonaws.com/dataset/346/005b8fb230e9641fff20b6254a5082c2e7485f2b866c9f6e7f3405b5f841a98c/20966332.jpg,"[""Low-Carb""]","[""Gluten-Free"",""Egg-Free"",""Peanut-Free"",""Soy-Free"",""Fish-Free"",""Shellfish-Free""]","[""Sulfites""]","[""american""]","[""lunch/dinner""]","[""main course""]"
Noodles With Mozzarella Cheese recipes,cdkitchen.com,http://www.cdkitchen.com/recipes/recs/57/Noodles-With-Mozzarella-Cheese90602.shtml,4,2470.989023032488,https://datahive-prod-dataset-products.s3.eu-central-1.amazonaws.com/dataset/346/005c2dd3a7e6d7d1c6e32a67b16192996bf0953c8f5890b32e77d3ac8f1ee856/21051890.jpeg,"[""Balanced"",""High-Fiber""]","[""Vegetarian"",""Peanut-Free"",""Tree-Nut-Free"",""Soy-Free"",""Fish-Free"",""Shellfish-Free""]","[""Sulfites""]","[""asian""]","[""lunch/dinner""]","[""main course""]"
Homemade Cookie Butter,The Kitchn,https://www.thekitchn.com/cookie-butter-recipe-23245970,6,1453.900129598233,https://datahive-prod-dataset-products.s3.eu-central-1.amazonaws.com/dataset/346/005d57b35790f834028e39c4009e287e37c51719a2f2982479601742b2db7d34/20992099.jpg,[],"[""Vegetarian"",""Peanut-Free"",""Tree-Nut-Free"",""Soy-Free"",""Fish-Free"",""Shellfish-Free""]",[],"[""american""]","[""snack""]","[""condiments and sauces""]"
Banana Fritters with Spiced Glaze,Food Network,https://www.foodnetwork.com/recipes/sandra-lee/banana-fritters-with-spiced-glaze-recipe-2047729,16,4626.745399999999,,[],"[""Vegetarian"",""Peanut-Free"",""Tree-Nut-Free"",""Soy-Free"",""Fish-Free"",""Shellfish-Free""]","[""Sulfites""]","[""american""]","[""lunch/dinner""]","[""desserts""]"
Bohemian Dumplings,Foodista,http://www.foodista.com/recipe/W6TGTSTC/bohemian-dumplings,4,1271.012,https://datahive-prod-dataset-products.s3.eu-central-1.amazonaws.com/dataset/346/005f7483a104c44dbb433044351420b26fec086f61c314c11a6afeef59964f6f/21106298.jpg,"[""Low-Fat""]","[""Vegetarian"",""Peanut-Free"",""Tree-Nut-Free"",""Soy-Free"",""Fish-Free"",""Shellfish-Free""]",[],"[""chinese""]","[""lunch/dinner""]","[""main course""]"
Mustard-Braised Potatoes with Chicken Thighs,The Kitchn,https://www.thekitchn.com/mustard-potatoes-chicken-22926588,8,1947.385310019077,https://datahive-prod-dataset-products.s3.eu-central-1.amazonaws.com/dataset/346/0061e78b2586232076bb599330e2dd131c2661e0476e52907c9e9dcf0fa87382/20972023.jpg,"[""Low-Carb""]","[""Dairy-Free"",""Gluten-Free"",""Egg-Free"",""Peanut-Free"",""Tree-Nut-Free"",""Soy-Free"",""Fish-Free"",""Shellfish-Free""]","[""Gluten"",""Wheat"",""Sulfites""]","[""american""]","[""lunch/dinner""]","[""main course""]"
Chipotle Jalapeño Poppers,Betty Crocker,https://www.bettycrocker.com/recipes/jalapeno-poppers/5fbadeea-48af-4afe-9b5e-bd0353fa5285,20,4827.663255669743,https://datahive-prod-dataset-products.s3.eu-central-1.amazonaws.com/dataset/346/0066b0e61d1e67674dd5995163215a71979c9cb22c5de5238d98c0811c0ae1cf/21076565.webp,"[""Low-Carb""]","[""Vegetarian"",""Peanut-Free"",""Tree-Nut-Free"",""Soy-Free"",""Fish-Free"",""Shellfish-Free""]","[""Sulfites""]","[""mexican""]","[""lunch/dinner""]","[""main course""]"
Blondie With Dark Roots,Food Network,https://www.foodnetwork.com/recipes/guy-fieri/blondies-with-dark-roots-recipe-1973422,9,3343.489528,https://datahive-prod-dataset-products.s3.eu-central-1.amazonaws.com/dataset/346/0066b560b184f51321d0b21775e78b393270cc94cdc6b084e8456491d3acc8e6/21094557.jpg,[],"[""Vegetarian"",""Peanut-Free"",""Fish-Free"",""Shellfish-Free""]","[""Sulfites""]","[""american""]","[""snack""]","[""desserts""]"
Galette des Rois-King Cake,Food Network,https://www.foodnetwork.com/recipes/galette-des-rois-king-cake-recipe-2011659,20,6195.666900593738,https://datahive-prod-dataset-products.s3.eu-central-1.amazonaws.com/dataset/346/0066d6f63e9b4ace21cfdb6a3579251a750aa31719be9b80e032f0fdfafb21c8/21126475.jpg,"[""Low-Sodium""]","[""Vegetarian"",""Peanut-Free"",""Soy-Free"",""Fish-Free"",""Shellfish-Free""]",[],"[""french""]","[""lunch/dinner""]","[""desserts""]"
Lidnivikis,Saveur,https://www.saveur.com/lidnivikis-cottage-cheese-pancakes-recipe,6,1846.359116140949,https://datahive-prod-dataset-products.s3.eu-central-1.amazonaws.com/dataset/346/0066f08c2c4da85b75cff254aee6d11cba8159de37557f17b6f93d89c48c1fca/20964598.jpg,"[""Balanced""]","[""Vegetarian"",""Peanut-Free"",""Tree-Nut-Free"",""Soy-Free"",""Fish-Free"",""Shellfish-Free""]","[""Sulfites""]","[""american""]","[""lunch/dinner""]","[""pancake""]"
Smoked Trout & Cream Cheese Flagel,EatingWell,https://www.eatingwell.com/recipe/262734/smoked-trout-cream-cheese-flagel/,1,300.8378841124608,https://datahive-prod-dataset-products.s3.eu-central-1.amazonaws.com/dataset/346/00715d474f89a4d96e3413fc5c2103c179c22fcfcfb01aca289425710b2a81d0/21054147.jpeg,[],"[""Egg-Free"",""Peanut-Free"",""Tree-Nut-Free"",""Soy-Free"",""Shellfish-Free""]","[""Sulfites""]","[""american""]","[""lunch/dinner""]","[""main course""]"
Katie Lee's Souffléd Pumpkin Pancakes,The Daily Meal,http://www.thedailymeal.com/recipes/katie-lees-souffled-pumpkin-pancake-recipe,4,1736.481063541073,https://datahive-prod-dataset-products.s3.eu-central-1.amazonaws.com/dataset/346/00733da64375997caf3fd04b998d4f822ba50046d4d9820240afb8153cb90e95/21106928.jpg,"[""Balanced""]","[""Vegetarian"",""Peanut-Free"",""Soy-Free"",""Fish-Free"",""Shellfish-Free""]","[""Sulfites""]","[""american""]","[""breakfast""]","[""pancake""]"
Belgian Endive Wrapped in Ham with Cheese / Lof met Ham en Kaas,food.com,http://www.food.com/recipe/belgian-endive-wrapped-in-ham-with-cheese-lof-met-ham-en-kaas-51903,4,1323.637271155469,https://datahive-prod-dataset-products.s3.eu-central-1.amazonaws.com/dataset/346/0073d04ad17852c0aa040b9c69fe29b5fea58789cb80ad88ca1b00756ef7e253/21113703.jpg,"[""Low-Carb""]","[""Gluten-Free"",""Egg-Free"",""Peanut-Free"",""Tree-Nut-Free"",""Soy-Free"",""Fish-Free"",""Shellfish-Free""]","[""Sulfites""]","[""central europe"",""italian""]","[""lunch/dinner""]","[""main course""]"
Honey Oat Strawberry Smoothie,ideahacks.com,http://www.ideahacks.com/honey-oat-strawberry-smoothie/,4,551.2344420535625,https://datahive-prod-dataset-products.s3.eu-central-1.amazonaws.com/dataset/346/0075e651dc70d2c170f3c1ade1f91c0d764399628df5b45002576baaa25b16f2/21106025.jpg,"[""Low-Fat"",""Low-Sodium""]","[""Vegetarian"",""Dairy-Free"",""Gluten-Free"",""Egg-Free"",""Peanut-Free"",""Tree-Nut-Free"",""Fish-Free"",""Shellfish-Free""]","[""Gluten"",""Wheat"",""Sulfites""]","[""american""]","[""breakfast""]","[""drinks""]"
Baked Beans,A Nutritionist Eats,http://anutritionisteats.com/baked-beans-a-southern-style-feast/,4,1718.712999999418,https://datahive-prod-dataset-products.s3.eu-central-1.amazonaws.com/dataset/346/00767e8ae66cad5dfdf03d940b48fc48a9bac522609f4668859f7dea5bfa814b/21063299.jpg,"[""High-Fiber"",""Low-Fat""]","[""Dairy-Free"",""Gluten-Free"",""Egg-Free"",""Peanut-Free"",""Tree-Nut-Free"",""Soy-Free"",""Fish-Free"",""Shellfish-Free""]","[""Gluten"",""Wheat"",""Sulfites"",""FODMAP""]","[""middle eastern""]","[""lunch/dinner""]","[""main course""]"
Garlicky Bourbon Chicken,Delish,https://www.delish.com/cooking/recipe-ideas/recipes/a50323/garlicky-bourbon-chicken-recipe,4,3057.242275,https://datahive-prod-dataset-products.s3.eu-central-1.amazonaws.com/dataset/346/0076c0a29da8f3199cb92f4f01335af4cab4a27727f0fc78d8e28526a6c5f420/21027934.jpg,[],"[""Gluten-Free"",""Egg-Free"",""Peanut-Free"",""Tree-Nut-Free"",""Soy-Free"",""Fish-Free"",""Shellfish-Free""]","[""Gluten"",""Wheat"",""Sulfites""]","[""american""]","[""lunch/dinner""]","[""main course""]"
Tomato Rhubarb Chutney,thebikinichef.com,http://thebikinichef.com/recipe/tomato-rhubarb-chutney/,4,638.9309666666668,https://datahive-prod-dataset-products.s3.eu-central-1.amazonaws.com/dataset/346/0078f0603b1e02d699704956b1bb3279061401cdc2b2e7f34807589f2da51ee7/21086327.jpg,"[""Low-Fat"",""Low-Sodium""]","[""Vegetarian"",""Dairy-Free"",""Gluten-Free"",""Egg-Free"",""Peanut-Free"",""Tree-Nut-Free"",""Soy-Free"",""Fish-Free"",""Shellfish-Free""]","[""Sulfites""]","[""indian""]","[""lunch/dinner""]","[""condiments and sauces""]"
Millet Loaf,food.com,http://www.food.com/recipe/millet-loaf-4876,10,2237.631999998707,https://datahive-prod-dataset-products.s3.eu-central-1.amazonaws.com/dataset/346/007fc188afd1d5fd3f5aafb4623c6d395d5a8f0d751798412416361eb54ccc5f/21093024.jpg,"[""Balanced"",""High-Fiber""]","[""Vegan"",""Vegetarian"",""Dairy-Free"",""Egg-Free"",""Peanut-Free"",""Tree-Nut-Free"",""Soy-Free"",""Fish-Free"",""Shellfish-Free""]",[],"[""american""]","[""lunch/dinner""]","[""bread""]"
Smoked Sturgeon recipes,honest-food.net,http://honest-food.net/smoked-sturgeon-recipe/,4,2187.482529,https://datahive-prod-dataset-products.s3.eu-central-1.amazonaws.com/dataset/346/007fc4113dd85ffc094f3804a05ac9970e6fc59d9a89704ab2d74da97eee3142/21085100.jpeg,"[""High-Protein"",""Low-Carb""]","[""Dairy-Free"",""Gluten-Free"",""Egg-Free"",""Peanut-Free"",""Tree-Nut-Free"",""Soy-Free"",""Shellfish-Free""]",[],"[""american""]","[""lunch/dinner""]","[""main course""]"
Chicken Souvlaki,thefamilydinnerproject.org,https://thefamilydinnerproject.org/food/chicken-souvlaki,4,4005.463363,https://datahive-prod-dataset-products.s3.eu-central-1.amazonaws.com/dataset/346/0081a004e7015466f93c892a461186ef190558cedc05ea9f7f1017d366f61359/21128477.jpg,"[""Low-Carb""]","[""Egg-Free"",""Peanut-Free"",""Tree-Nut-Free"",""Soy-Free"",""Fish-Free"",""Shellfish-Free""]","[""Sulfites""]","[""mediterranean""]","[""lunch/dinner""]","[""main course""]"
Cinnamon Honey Roasted Almonds recipes,lemontreedwelling.com,http://www.lemontreedwelling.com/2016/11/roasted-almonds-two-ways.html,2,4147.54075,https://datahive-prod-dataset-products.s3.eu-central-1.amazonaws.com/dataset/346/0084c32d353ed3729ac0830f4851199d9946f494d576f31e0c0148b1296257bf/21127960.jpeg,"[""High-Fiber"",""Low-Carb""]","[""Vegetarian"",""Gluten-Free"",""Egg-Free"",""Peanut-Free"",""Soy-Free"",""Fish-Free"",""Shellfish-Free""]",[],"[""nordic""]","[""snack""]","[""main course""]"
Jersey Fresh Tomato Soup,completerecipes.com,https://completerecipes.com/jersey-fresh-tomato-soup.html,4,881.2941065781249,https://datahive-prod-dataset-products.s3.eu-central-1.amazonaws.com/dataset/346/00878f4880b3f8f0afae2d5fa02cda608d452ad50a514ecdcef322af3c285f94/21061883.jpg,"[""Balanced""]","[""Egg-Free"",""Peanut-Free"",""Tree-Nut-Free"",""Soy-Free"",""Fish-Free"",""Shellfish-Free""]","[""Sulfites""]","[""american""]","[""lunch/dinner""]","[""soup""]"
Carnival Cruise Lines’s Warm Chocolate Melting Cake recipes,favfamilyrecipes.com,https://www.favfamilyrecipes.com/melting-cake/,4,3348.90983,https://datahive-prod-dataset-products.s3.eu-central-1.amazonaws.com/dataset/346/00886a32228fc0726cf13b37af51cb4ffe0d24425ebfce18866a7bb5f5c44c43/21094086.jpeg,"[""High-Fiber"",""Low-Sodium""]","[""Vegetarian"",""Peanut-Free"",""Tree-Nut-Free"",""Soy-Free"",""Fish-Free"",""Shellfish-Free""]","[""Sulfites""]","[""american""]","[""lunch/dinner""]","[""desserts""]"
Crab Salad with Butter-Lemon Vinaigrette,thewoodenskillet.com,https://thewoodenskillet.com/crab-salad-butter-lemon-vinaigrette,1,357.5363333333901,https://datahive-prod-dataset-products.s3.eu-central-1.amazonaws.com/dataset/346/0088e780ccd24759dae40de3febeb38ac02a69535c2b4d115af4fa72feca0e88/21127964.jpg,"[""Low-Carb""]","[""Gluten-Free"",""Egg-Free"",""Peanut-Free"",""Tree-Nut-Free"",""Soy-Free"",""Fish-Free""]","[""Sulfites""]","[""american""]","[""lunch/dinner""]","[""salad""]"
Stuffed Pork Roast with Herb Seasoned Artichoke and Mushroom Stuffing,Allrecipes,https://www.allrecipes.com/recipe/179090/stuffed-pork-roast-with-herb-seasoned-artichoke-and-mushroom-stuffing/,12,6882.581058882543,https://datahive-prod-dataset-products.s3.eu-central-1.amazonaws.com/dataset/346/0088fb50616bc9f4b16d43a8b3aabf92da38835738b6202db99e1e275ed06064/21056747.jpg,"[""High-Fiber""]","[""Egg-Free"",""Peanut-Free"",""Tree-Nut-Free"",""Soy-Free"",""Fish-Free"",""Shellfish-Free""]","[""Sulfites""]","[""mediterranean""]","[""lunch/dinner""]","[""main course""]"
Toasted Lobster Rolls Recipe,Group Recipes,http://www.grouprecipes.com/76327/toasted-lobster-rolls.html,4,1792.293404440294,https://datahive-prod-dataset-products.s3.eu-central-1.amazonaws.com/dataset/346/008a72b83d2f5712a6a59417df09e49f5e90d8275ccd3e157998cf19a9f97a01/21070629.jpg,"[""Low-Carb""]","[""Peanut-Free"",""Tree-Nut-Free"",""Soy-Free"",""Fish-Free""]","[""Milk"",""Sulfites""]","[""south east asian""]","[""lunch/dinner""]","[""sandwiches""]"
Black and white halfmoon cookies Recipe,Group Recipes,http://www.grouprecipes.com/714/black-and-white-halfmoon-cookies.html,1520,2251.450333345956,https://datahive-prod-dataset-products.s3.eu-central-1.amazonaws.com/dataset/346/008c1d3be37b5da6f806693aef7a5555f3b6a85d4b8807555c357b0730324fe8/21119667.jpg,"[""Low-Fat"",""Low-Sodium""]","[""Vegetarian"",""Peanut-Free"",""Tree-Nut-Free"",""Soy-Free"",""Fish-Free"",""Shellfish-Free""]","[""Sulfites""]","[""american""]","[""snack""]","[""biscuits and cookies""]"
Chipotle Marinade recipes,Food Republic,http://www.foodrepublic.com/recipes/chipotle-marinade-recipe/,4,428.727,https://datahive-prod-dataset-products.s3.eu-central-1.amazonaws.com/dataset/346/008c3888831c52f9db24f722a3c24184664832c5fcaccd10d15578d28c6ac2ee/20961586.jpeg,"[""Low-Carb""]","[""Vegan"",""Vegetarian"",""Paleo"",""Dairy-Free"",""Gluten-Free"",""Egg-Free"",""Peanut-Free"",""Tree-Nut-Free"",""Soy-Free"",""Fish-Free"",""Shellfish-Free""]",[],"[""mexican""]","[""lunch/dinner""]","[""condiments and sauces""]"
Agave Ginger Raisin Muffins (Vegan & Gluten-Free) recipes,cakegirllosangeles.blogspot.com,http://cakegirllosangeles.blogspot.com/2013/08/agave-ginger-raisin-muffins-vegan.html,6,1358.46375,https://datahive-prod-dataset-products.s3.eu-central-1.amazonaws.com/dataset/346/008dd2513103d640262b6e8063e80b9dbf6ce1bc0a4b46840c9e4aec136d1265/21132426.jpeg,[],"[""Vegan"",""Vegetarian"",""Dairy-Free"",""Gluten-Free"",""Egg-Free"",""Peanut-Free"",""Tree-Nut-Free"",""Soy-Free"",""Fish-Free"",""Shellfish-Free""]","[""Sulfites""]","[""american""]","[""breakfast""]","[""desserts""]"
Swiss Ham and Potato Soup,justapinch.com,https://www.justapinch.com/recipes/soup/creamy-soup/swiss-potato-soup-with-ham-dee.html,3,1508.321545,https://datahive-prod-dataset-products.s3.eu-central-1.amazonaws.com/dataset/346/00903c23641b6d931c23c7c1e61efcad5253aa4a150273d917326d164c2b7436/21086645.jpeg,"[""Low-Carb""]","[""Egg-Free"",""Peanut-Free"",""Tree-Nut-Free"",""Soy-Free"",""Fish-Free"",""Shellfish-Free""]","[""Sulfites""]","[""american""]","[""lunch/dinner""]","[""soup""]"
Thai Buttermilk Fried Chicken with Spicy C,yestoyolks.com,http://yestoyolks.com/2016/07/02/thai-buttermilk-fried-chicken-with-spicy-coconut-dipping-sauce/,6,1183.458959229987,https://datahive-prod-dataset-products.s3.eu-central-1.amazonaws.com/dataset/346/0090be8e54a4c0e3b2868c696c682d9dc8a4c888f0e62abbf99b38fca604fb3e/21136075.jpg,"[""Low-Carb""]","[""Dairy-Free"",""Gluten-Free"",""Egg-Free"",""Peanut-Free"",""Tree-Nut-Free"",""Soy-Free"",""Shellfish-Free""]","[""Tree-Nuts"",""Shellfish"",""Sulfites"",""FODMAP""]","[""south east asian""]","[""lunch/dinner""]","[""main course""]"
Strawberry Peach Jam Recipe 4,Taste of Home,http://www.tasteofhome.com/Recipes/Strawberry-Peach-Jam,28,4212.552912773437,https://datahive-prod-dataset-products.s3.eu-central-1.amazonaws.com/dataset/346/0091eb447e113c4b5155aa249df2cce026b0fdfdbacc819faaa5d33222b20fc9/21102612.jpg,"[""Low-Fat"",""Low-Sodium""]","[""Vegan"",""Vegetarian"",""Dairy-Free"",""Gluten-Free"",""Egg-Free"",""Peanut-Free"",""Tree-Nut-Free"",""Soy-Free"",""Fish-Free"",""Shellfish-Free""]","[""Sulfites""]","[""british""]","[""breakfast""]","[""condiments and sauces""]"
Baigan Choka,tastykitchen.com,https://tastykitchen.com/recipes/sidedishes/baigan-choka/,6,1414.751264,https://datahive-prod-dataset-products.s3.eu-central-1.amazonaws.com/dataset/346/0095283b59ce7f4494aa579d0c010a744c4a8e5a1f6863ce76fffedeb22337d5/21106576.jpg,"[""High-Fiber"",""Low-Sodium""]","[""Vegan"",""Vegetarian"",""Dairy-Free"",""Gluten-Free"",""Egg-Free"",""Peanut-Free"",""Tree-Nut-Free"",""Soy-Free"",""Fish-Free"",""Shellfish-Free""]",[],"[""mediterranean""]","[""lunch/dinner""]","[""main course""]"
Festive mini chocolate donuts,vegetaraian.com,http://vegetaraian.com/festive-mini-chocolate-donuts/,4,751.106,https://datahive-prod-dataset-products.s3.eu-central-1.amazonaws.com/dataset/346/0095f22f85f8627082643d54ce7e313f090d8d974ec8d5f204aca2a4de2f5ced/21114522.jpg,"[""Low-Sodium""]","[""Vegan"",""Vegetarian"",""Dairy-Free"",""Egg-Free"",""Peanut-Free"",""Tree-Nut-Free"",""Soy-Free"",""Fish-Free"",""Shellfish-Free""]","[""Sulfites""]","[""american""]","[""snack""]","[""desserts""]"
"Pork Burgers with Jalapeno, Onion and Chil",thesaucysoutherner.com,http://www.thesaucysoutherner.com/pork-burgers-with-jalapeno-onion-chili-lime-cookoutweek-giveaway/,10,2433.972366199924,https://datahive-prod-dataset-products.s3.eu-central-1.amazonaws.com/dataset/346/009602bf5b2535485e02b6518b21dc8575942f326737845e70724bba381ab6a0/21113847.jpg,"[""Low-Carb""]","[""Paleo"",""Dairy-Free"",""Gluten-Free"",""Egg-Free"",""Peanut-Free"",""Tree-Nut-Free"",""Soy-Free"",""Fish-Free"",""Shellfish-Free""]",[],"[""mexican""]","[""lunch/dinner""]","[""main course""]"
Crab Rangoon Cupcakes,inanutshellblog.com,http://www.inanutshellblog.com/2015/09/crab-rangoon-cupcakes.html,14,4044.981879,https://datahive-prod-dataset-products.s3.eu-central-1.amazonaws.com/dataset/346/0099fda52fb6b85b04d8d392a3736c35fea428fd0a3063129ef80f0085449204/21128370.jpg,"[""Low-Carb""]","[""Peanut-Free"",""Tree-Nut-Free"",""Soy-Free"",""Fish-Free""]","[""Sulfites""]","[""chinese""]","[""lunch/dinner""]","[""desserts""]"
Tomato Basil Soup recipes,skinnyms.com,http://skinnyms.com/tomato-basil-soup/,5,454.6103551374999,https://datahive-prod-dataset-products.s3.eu-central-1.amazonaws.com/dataset/346/009ae26dc4b73f18048e7b7c731a90c9648c2545ae1cdc87bd5293b21d43dfdb/21128682.jpeg,[],"[""Vegan"",""Vegetarian"",""Dairy-Free"",""Gluten-Free"",""Egg-Free"",""Peanut-Free"",""Tree-Nut-Free"",""Soy-Free"",""Fish-Free"",""Shellfish-Free""]",[],"[""american""]","[""lunch/dinner""]","[""soup""]"
Carrot Cake Cupcakes recipes,jesselanewellness.com,http://www.jesselanewellness.com/recipes/carrot-cake-cupcakes/,12,2769.607499963481,https://datahive-prod-dataset-products.s3.eu-central-1.amazonaws.com/dataset/346/009f5434f2dd84149fba98b2650dffe95e749e8561632004ff3f16d750290384/21047488.jpeg,"[""Balanced""]","[""Vegetarian"",""Peanut-Free"",""Tree-Nut-Free"",""Soy-Free"",""Fish-Free"",""Shellfish-Free""]","[""Tree-Nuts"",""Sulfites""]","[""american""]","[""snack"",""lunch/dinner""]","[""desserts""]"
PBJ cookie ice cream sandwiches,BBC Good Food,https://www.bbcgoodfood.com/recipes/pbj-cookie-ice-cream-sandwiches,16,4813.615818091015,https://datahive-prod-dataset-products.s3.eu-central-1.amazonaws.com/dataset/346/00a08ec2ab386d87484090c6001bbf33a9ea832852e583ec23a805b299f9fd36/21028060.jpg,"[""Low-Sodium""]","[""Vegetarian"",""Gluten-Free"",""Tree-Nut-Free"",""Fish-Free"",""Shellfish-Free""]","[""Gluten"",""Wheat"",""Sulfites""]","[""american""]","[""lunch/dinner""]","[""biscuits and cookies""]"
Homemade Strawberry Vinegar,Allrecipes,https://www.allrecipes.com/recipe/280661/homemade-strawberry-vinegar,16,80.47333333333333,https://datahive-prod-dataset-products.s3.eu-central-1.amazonaws.com/dataset/346/00a3568b536cd3ebd1d8c972d7a38644b7a09fa8b60e5405e44964d0673fea1d/21099861.jpg,"[""Low-Fat"",""Low-Sodium""]","[""Vegan"",""Vegetarian"",""Paleo"",""Dairy-Free"",""Gluten-Free"",""Egg-Free"",""Peanut-Free"",""Tree-Nut-Free"",""Soy-Free"",""Fish-Free"",""Shellfish-Free""]","[""Sulfites""]","[""american""]","[""lunch/dinner""]","[""condiments and sauces""]"
Baking with Dorie: Chocolate-Dipped Linzer Hearts Recipe,Serious Eats,http://www.seriouseats.com/recipes/2008/02/baking-with-dorie-chocolatedipped-linzer-hearts-cookies-recipe.html,12,3353.8985,https://datahive-prod-dataset-products.s3.eu-central-1.amazonaws.com/dataset/346/00a6bd2e82799fb3e3d560140b183ee5e402e490ed458b170a35dc92c04287fd/20959475.jpg,"[""Low-Sodium""]","[""Vegetarian"",""Peanut-Free"",""Soy-Free"",""Fish-Free"",""Shellfish-Free""]","[""Sulfites""]","[""american""]","[""snack""]","[""desserts""]"
Lentil Soup with Cumin & Coriander recipes,veganinsanity.com,http://www.veganinsanity.com/recipes/lentil-soup/,4,1956.179262,https://datahive-prod-dataset-products.s3.eu-central-1.amazonaws.com/dataset/346/00b16b7b375bc996caf14dd1e2f098dd34d02c2253cb55bf0957f35526441615/21134964.jpeg,"[""High-Fiber""]","[""Vegan"",""Vegetarian"",""Dairy-Free"",""Gluten-Free"",""Egg-Free"",""Peanut-Free"",""Tree-Nut-Free"",""Soy-Free"",""Fish-Free"",""Shellfish-Free""]",[],"[""indian""]","[""lunch/dinner""]","[""soup""]"
Hummus from Scratch,Allrecipes,https://www.allrecipes.com/recipe/216621/hummus-from-scratch,8,1072.221800537859,https://datahive-prod-dataset-products.s3.eu-central-1.amazonaws.com/dataset/346/00b37ba8772237353406f156a31449ce4b256d697a69efec7a9f70d4fd9eee7a/21116330.jpg,"[""Balanced""]","[""Vegan"",""Vegetarian"",""Dairy-Free"",""Egg-Free"",""Peanut-Free"",""Tree-Nut-Free"",""Fish-Free"",""Shellfish-Free""]","[""Sulfites""]","[""mediterranean""]","[""lunch/dinner""]","[""condiments and sauces""]"
Red Beans and Rice,tastykitchen.com,https://tastykitchen.com/recipes/main-courses/red-beans-and-rice-2/,10,4187.694643,https://datahive-prod-dataset-products.s3.eu-central-1.amazonaws.com/dataset/346/00b38754e0f40d5b6c5bb3b21f99f81706fb34123db7fa4bd9b75330d7b53194/21098356.jpg,"[""High-Fiber""]","[""Dairy-Free"",""Gluten-Free"",""Egg-Free"",""Peanut-Free"",""Tree-Nut-Free"",""Soy-Free"",""Fish-Free"",""Shellfish-Free""]","[""Sulfites""]","[""mexican""]","[""lunch/dinner""]","[""main course""]"
Coconut Thai Rice,food.com,http://www.food.com/recipe/coconut-thai-rice-239789,4,1152.211666672247,https://datahive-prod-dataset-products.s3.eu-central-1.amazonaws.com/dataset/346/00b457906430481524a14bb0d93f0efa03a720a74b573f9d610e1eed4314e240/21110968.jpg,[],"[""Vegan"",""Vegetarian"",""Dairy-Free"",""Gluten-Free"",""Egg-Free"",""Peanut-Free"",""Tree-Nut-Free"",""Soy-Free"",""Fish-Free"",""Shellfish-Free""]","[""Tree-Nuts""]","[""south east asian""]","[""lunch/dinner""]","[""main course""]"
Broccoli Egg Bake recipes,paleogrubs.com,http://paleogrubs.com/broccoli-egg-bake-recipe,4,799.5345000000001,https://datahive-prod-dataset-products.s3.eu-central-1.amazonaws.com/dataset/346/00b635d37b05a4c5a298d464da83587650186a1c241a5414497bf4cbc23fdb0c/21104460.jpeg,"[""High-Fiber""]","[""Vegetarian"",""Paleo"",""Dairy-Free"",""Gluten-Free"",""Peanut-Free"",""Tree-Nut-Free"",""Soy-Free"",""Fish-Free"",""Shellfish-Free""]",[],"[""american""]","[""breakfast""]","[""main course""]"
capsicum rice recipe,jinooskitchen.com,https://www.jinooskitchen.com/kids-lunch-box-recipes-5/,4,558.4497500000317,https://datahive-prod-dataset-products.s3.eu-central-1.amazonaws.com/dataset/346/00baa4e88b392ce9b127d55cee8bf3b027a8a156a526e5b8b35b3416e7361f2e/21125123.png,[],"[""Vegan"",""Vegetarian"",""Dairy-Free"",""Gluten-Free"",""Egg-Free"",""Peanut-Free"",""Soy-Free"",""Fish-Free"",""Shellfish-Free""]",[],"[""french""]","[""lunch/dinner""]","[""main course""]"
Blueberry Smoothie Recipe,simplelifemom.com,http://simplelifemom.com/2016/05/01/15-simple-and-healthy-breakfast-ideas/,2,186.2302499995625,https://datahive-prod-dataset-products.s3.eu-central-1.amazonaws.com/dataset/346/00bb24ce9ca2de30a77789fe298fb17d462b87b424e23062a4891cc98b4cd14c/21035474.jpg,"[""Low-Sodium""]","[""Vegetarian"",""Egg-Free"",""Peanut-Free"",""Tree-Nut-Free"",""Soy-Free"",""Fish-Free"",""Shellfish-Free""]","[""Sulfites""]","[""american""]","[""breakfast""]","[""drinks""]"
Cook the Book: Spicy Corn Salad,Serious Eats,http://www.seriouseats.com/recipes/2007/08/cook-the-book-spicy-corn-salad.html,4,582.744625,https://datahive-prod-dataset-products.s3.eu-central-1.amazonaws.com/dataset/346/00beaf6eddecbdfdd497510e4659241ce6591b04f0c5222b176fdb8df8cd022c/20968193.jpg,[],"[""Vegetarian"",""Gluten-Free"",""Egg-Free"",""Peanut-Free"",""Tree-Nut-Free"",""Soy-Free"",""Fish-Free"",""Shellfish-Free""]","[""Sulfites""]","[""mexican""]","[""lunch/dinner""]","[""salad""]"
No-Knead Peasant Bread,Food Network,https://www.foodnetwork.com/recipes/food-network-kitchen/no-knead-peasant-bread-recipe-1973444,8,1460.47126,https://datahive-prod-dataset-products.s3.eu-central-1.amazonaws.com/dataset/346/00c16cab5aa7af18650a423cc2b9a9571dafab6b2f01a6905c7761678f2aee02/21078227.jpg,"[""Low-Fat"",""Low-Sodium""]","[""Vegan"",""Vegetarian"",""Dairy-Free"",""Egg-Free"",""Peanut-Free"",""Tree-Nut-Free"",""Soy-Free"",""Fish-Free"",""Shellfish-Free""]",[],"[""american""]","[""lunch/dinner""]","[""bread""]"
Single Serve Cookie Dough Dip,tastykitchen.com,https://tastykitchen.com/recipes/special-dietary-needs/gluten-free/single-serve-cookie-dough-dip/,1,244.3866666678549,https://datahive-prod-dataset-products.s3.eu-central-1.amazonaws.com/dataset/346/00c1d1200bab869c76b2c3270643829448dd5eebe5f924eccdcdc05f16ff5c4e/21090480.jpg,"[""Low-Carb"",""Low-Sodium""]","[""Vegetarian"",""Gluten-Free"",""Egg-Free"",""Tree-Nut-Free"",""Soy-Free"",""Fish-Free"",""Shellfish-Free""]","[""Sulfites""]","[""american""]","[""snack""]","[""biscuits and cookies""]"
Garden-Fresh Pizza,Betty Crocker,https://www.bettycrocker.com/recipes/garden-fresh-pizza/c42c4091-3973-426b-a88f-bf300289f314,2,517.603,https://datahive-prod-dataset-products.s3.eu-central-1.amazonaws.com/dataset/346/00c484cefb7427d1edf75df2c981e252fa1ed6bd9ef3169dddba025149473dc2/21105967.webp,"[""Low-Carb""]","[""Vegetarian"",""Egg-Free"",""Peanut-Free"",""Tree-Nut-Free"",""Soy-Free"",""Fish-Free"",""Shellfish-Free""]","[""Sulfites""]","[""italian""]","[""lunch/dinner""]","[""main course""]"
Old Bay Fried Chicken,McCormick,http://www.mccormick.com/Recipes/Main-Dishes/OLD-BAY-Fried-Chicken,6,5628.335460961308,https://datahive-prod-dataset-products.s3.eu-central-1.amazonaws.com/dataset/346/00c4cc17bfac5919dd6d743ae590a3d3e06451b307c0506d898b08f27a02bd0e/21046805.jpg,"[""Low-Carb""]","[""Dairy-Free"",""Peanut-Free"",""Tree-Nut-Free"",""Soy-Free"",""Fish-Free"",""Shellfish-Free""]",[],"[""american""]","[""lunch/dinner""]","[""main course""]"
Mushroom Dumplings,Food Network,https://www.foodnetwork.com/recipes/mushroom-dumplings-5542473,8,2272.507658,https://datahive-prod-dataset-products.s3.eu-central-1.amazonaws.com/dataset/346/00c611ee7ac760189eef29c651375a24b33a2fdab9ebb8f30003f5d94b73e278/21123818.jpg,[],"[""Vegetarian"",""Peanut-Free"",""Tree-Nut-Free"",""Soy-Free"",""Fish-Free"",""Shellfish-Free""]","[""Sulfites""]","[""american""]","[""lunch/dinner""]","[""main course""]"
Pineapple Pie I,Allrecipes,https://www.allrecipes.com/recipe/12272/pineapple-pie-i,10,2625.64,https://datahive-prod-dataset-products.s3.eu-central-1.amazonaws.com/dataset/346/00c7f4ba3c7a58cecb0e42e5d5b30d90097dda81b2d9a16c17182f418e23fd81/21125038.jpg,"[""Low-Sodium""]","[""Vegetarian"",""Peanut-Free"",""Tree-Nut-Free"",""Soy-Free"",""Fish-Free"",""Shellfish-Free""]","[""Tree-Nuts"",""Sulfites""]","[""american""]","[""lunch/dinner""]","[""desserts""]"
Vegan Sweet Potato Kugel Recipe,thespruceeats.com,https://www.thespruceeats.com/vegan-sweet-potato-kugel-recipe-3377175,4,2215.197,https://datahive-prod-dataset-products.s3.eu-central-1.amazonaws.com/dataset/346/00c7ffe7a460dca37a1f5d595df3ac684294de04c23ee4e5ad4c889ac9bbce56/21112351.jpg,"[""High-Fiber"",""Low-Sodium""]","[""Vegan"",""Vegetarian"",""Dairy-Free"",""Egg-Free"",""Peanut-Free"",""Soy-Free"",""Fish-Free"",""Shellfish-Free""]","[""Sulfites""]","[""american""]","[""lunch/dinner""]","[""desserts""]"
Cashew Sour Cream,Allrecipes,https://www.allrecipes.com/recipe/279636/cashew-sour-cream,10,778.2366666667801,https://datahive-prod-dataset-products.s3.eu-central-1.amazonaws.com/dataset/346/00c814d12e7280c8c1afe8e5fed6fffbc7a199e9b4cb16802aa615800bd86cce/21104632.jpg,"[""Low-Carb"",""Low-Sodium""]","[""Vegan"",""Vegetarian"",""Paleo"",""Dairy-Free"",""Gluten-Free"",""Egg-Free"",""Peanut-Free"",""Soy-Free"",""Fish-Free"",""Shellfish-Free""]","[""Sulfites""]","[""american""]","[""lunch/dinner""]","[""condiments and sauces""]"
"Apple, Orange and Fennel Salad",cravingsofalunatic.com,http://www.cravingsofalunatic.com/2011/12/apple-orange-and-fennel-salad-guest-post-by-eat-yourself-skinny.html,4,529.9645,https://datahive-prod-dataset-products.s3.eu-central-1.amazonaws.com/dataset/346/00c8d575a0ab5bc0031fae57b6d67e7fb174e972197de292a4798c3c498acfc5/21118218.jpg,"[""Low-Sodium""]","[""Vegan"",""Vegetarian"",""Dairy-Free"",""Gluten-Free"",""Egg-Free"",""Peanut-Free"",""Soy-Free"",""Fish-Free"",""Shellfish-Free""]","[""Sulfites""]","[""american""]","[""lunch/dinner""]","[""salad""]"
Macaroni and Cheese,whats4eats.com,http://www.whats4eats.com/pastas/macaroni-and-cheese-recipe,8,1739.798703424546,https://datahive-prod-dataset-products.s3.eu-central-1.amazonaws.com/dataset/346/00c9cb7f1c7ffe989b71d72abc3536d2d9d29f9358531d8bf9461370968750b7/21089549.jpg,"[""Balanced""]","[""Vegetarian"",""Egg-Free"",""Peanut-Free"",""Tree-Nut-Free"",""Soy-Free"",""Fish-Free"",""Shellfish-Free""]",[],"[""american""]","[""lunch/dinner""]","[""main course""]"
Quick Lemon Balsamic Basil Chicken Pasta recipes,ohsweetbasil.com,http://www.ohsweetbasil.com/chicken-pasta-with-lemon-basil,6,1357.332000001089,https://datahive-prod-dataset-products.s3.eu-central-1.amazonaws.com/dataset/346/00cc37def8628ded85eefcf68c5c7dd0a8ccb417f2393a683885cc61a5abd1fb/21080557.jpeg,"[""Low-Fat"",""Low-Sodium""]","[""Dairy-Free"",""Egg-Free"",""Peanut-Free"",""Tree-Nut-Free"",""Soy-Free"",""Fish-Free"",""Shellfish-Free""]","[""Sulfites""]","[""italian""]","[""lunch/dinner""]","[""main course""]"
Smooth Pumpkin and Lentil Puree,onehandedcooks.com.au,http://onehandedcooks.com.au/recipe/smooth-pumpkin-and-lentil-puree/,2,368.0799999999999,https://datahive-prod-dataset-products.s3.eu-central-1.amazonaws.com/dataset/346/00cee7307c8ea71831b9a4866e77bbfd4434ac6e1b8b5cbca77562df00693ff7/21125215.jpg,"[""High-Fiber"",""Low-Fat"",""Low-Sodium""]","[""Vegan"",""Vegetarian"",""Dairy-Free"",""Gluten-Free"",""Egg-Free"",""Peanut-Free"",""Tree-Nut-Free"",""Soy-Free"",""Fish-Free"",""Shellfish-Free""]",[],"[""british""]","[""lunch/dinner""]","[""main course""]"
Fruit and Nut Cereal Bars,Betty Crocker,https://www.bettycrocker.com/recipes/fruit-and-nut-cereal-bars/d26a95c5-1947-4d91-9a05-dc6afb90645a,24,3534.858882,https://datahive-prod-dataset-products.s3.eu-central-1.amazonaws.com/dataset/346/00cfe4453a29d993d6c13a5ea085bea71bca541b3fc31fae428663e3a4d1ae30/21130956.webp,"[""Low-Sodium""]","[""Vegan"",""Vegetarian"",""Dairy-Free"",""Egg-Free"",""Soy-Free"",""Fish-Free"",""Shellfish-Free""]","[""Sulfites""]","[""american""]","[""snack""]","[""cereals""]"
Lime Granita,simplesweetsavory.com,http://www.simplesweetsavory.com/lime-granita-2/,4,805.19,https://datahive-prod-dataset-products.s3.eu-central-1.amazonaws.com/dataset/346/00d19883c1bf92d3ca40f242294b52624119f45db744be8fd20a809baa0dcd05/21083868.jpg,"[""Low-Fat"",""Low-Sodium""]","[""Vegan"",""Vegetarian"",""Dairy-Free"",""Gluten-Free"",""Egg-Free"",""Peanut-Free"",""Tree-Nut-Free"",""Soy-Free"",""Fish-Free"",""Shellfish-Free""]","[""Sulfites""]","[""mediterranean""]","[""snack""]","[""desserts""]"
Keto Pork Chilly Fry,headbangerskitchen.com,https://headbangerskitchen.com/recipe/keto-pork-chilly-fry/,1,424.9434444444445,https://datahive-prod-dataset-products.s3.eu-central-1.amazonaws.com/dataset/346/00d4996a569a42873fb5b5d36852c98411d41e931c8157864f17b5b1b814b095/21129191.jpg,"[""Low-Carb""]","[""Dairy-Free"",""Egg-Free"",""Peanut-Free"",""Tree-Nut-Free"",""Fish-Free"",""Shellfish-Free""]",[],"[""chinese""]","[""lunch/dinner""]","[""main course""]"
Lime Flowers,Martha Stewart,https://www.marthastewart.com/343526/lime-flowers,24,2956.412582124848,https://datahive-prod-dataset-products.s3.eu-central-1.amazonaws.com/dataset/346/00d7c71bdf1a4c954b36e55fba1af9648ae3753d5c24ba913a5e0f54ab449519/21008235.jpeg,"[""Low-Sodium""]","[""Vegetarian"",""Egg-Free"",""Peanut-Free"",""Tree-Nut-Free"",""Soy-Free"",""Fish-Free"",""Shellfish-Free""]","[""Sulfites""]","[""american""]","[""snack""]","[""biscuits and cookies""]"
Cranberry Vinaigrette,noshmyway.com,http://noshmyway.com/2014/11/22/cranberry-vinaigrette-recipe/,2,318.937375,https://datahive-prod-dataset-products.s3.eu-central-1.amazonaws.com/dataset/346/00d7d62c844564388230511dd7c9c6a074221228e7f7c84ca90ccc5545c7209b/21095546.jpg,"[""Low-Sodium""]","[""Vegan"",""Vegetarian"",""Paleo"",""Dairy-Free"",""Gluten-Free"",""Egg-Free"",""Peanut-Free"",""Tree-Nut-Free"",""Soy-Free"",""Fish-Free"",""Shellfish-Free""]",[],"[""american""]","[""lunch/dinner""]","[""condiments and sauces""]"
Crock Pot BBQ Beef Roast,myfridgefood.com,https://myfridgefood.com/recipes/crock-pot-recipe-contest/crock-pot-bbq-beef-roast,10,2245.526466683557,https://datahive-prod-dataset-products.s3.eu-central-1.amazonaws.com/dataset/346/00d98c9963edf3a39634bd61200869b8fb05fa23b671c96fb11d11ae43a21595/21117409.jpg,"[""Low-Carb""]","[""Dairy-Free"",""Egg-Free"",""Peanut-Free"",""Tree-Nut-Free"",""Soy-Free"",""Shellfish-Free""]","[""Gluten"",""Wheat"",""Sulfites"",""FODMAP""]","[""american""]","[""lunch/dinner""]","[""main course""]"
Curried Beef,BigOven,http://www.bigoven.com/recipe/Curried-Beef/164500,6,1587.311772,https://datahive-prod-dataset-products.s3.eu-central-1.amazonaws.com/dataset/346/00dcf9bf77651e18562d2a9c540c3cf54a844b4a66523f0a474fd8c14ea42917/21059602.jpg,"[""Low-Carb""]","[""Dairy-Free"",""Gluten-Free"",""Egg-Free"",""Peanut-Free"",""Tree-Nut-Free"",""Soy-Free"",""Fish-Free"",""Shellfish-Free""]",[],"[""south east asian""]","[""lunch/dinner""]","[""main course""]"
Thai Cucumber and Pineapple Salad,food.com,http://www.food.com/recipe/thai-cucumber-and-pineapple-salad-503445,2,531.4208889,https://datahive-prod-dataset-products.s3.eu-central-1.amazonaws.com/dataset/346/00ddcb66284eee5529d6e306a5632cb908725cd8244e34f7f4afc4df4040e2d9/21066708.jpg,"[""Balanced"",""High-Fiber""]","[""Dairy-Free"",""Gluten-Free"",""Egg-Free"",""Tree-Nut-Free"",""Soy-Free"",""Shellfish-Free""]","[""Shellfish"",""Sulfites"",""FODMAP""]","[""south east asian""]","[""lunch/dinner""]","[""salad""]"
Fruit Salsa with Homemade Cinnamon Chips,vintagecooking.com,http://www.vintagecooking.com/fruit-salsa-with-homemade-cinnamon-chips/,12,4130.828592469543,https://datahive-prod-dataset-products.s3.eu-central-1.amazonaws.com/dataset/346/00dff0f1d9885d1bc2e639ae5920cb83ff24e93a10eee7cd4ff5b58501fd0500/21086978.jpg,"[""Low-Fat""]","[""Vegetarian"",""Egg-Free"",""Peanut-Free"",""Tree-Nut-Free"",""Fish-Free"",""Shellfish-Free""]","[""Sulfites""]","[""mexican""]","[""snack""]","[""desserts""]"
Lox,Foodista,http://www.foodista.com/recipe/48JGHY42/lox,2,2455.430324,https://datahive-prod-dataset-products.s3.eu-central-1.amazonaws.com/dataset/346/00e1f80a526e7867a1de66d8fc49708fb756a1c81f55ed9db22332d82212731f/21065346.jpg,"[""Low-Carb""]","[""Dairy-Free"",""Gluten-Free"",""Egg-Free"",""Peanut-Free"",""Tree-Nut-Free"",""Soy-Free"",""Shellfish-Free""]",[],"[""nordic""]","[""snack""]","[""main course""]"
Baked Chocolate Mousse Cake recipes,bakingparttime.com,http://bakingparttime.com/baked-chocolate-mousse-cake/,4,4193.89142,https://datahive-prod-dataset-products.s3.eu-central-1.amazonaws.com/dataset/346/00e1fc7cbd2f8df2bbb6970e04066a89db6a70ab7354162a310815e848c66095/21123213.jpeg,"[""High-Fiber""]","[""Vegetarian"",""Peanut-Free"",""Tree-Nut-Free"",""Soy-Free"",""Fish-Free"",""Shellfish-Free""]","[""Sulfites""]","[""american""]","[""lunch/dinner""]","[""desserts""]"
Nutella Popsicles Recipe,yummytummyaarthi.com,http://www.yummytummyaarthi.com/2017/06/nutella-popsicles-recipe.html,10,2875.38,https://datahive-prod-dataset-products.s3.eu-central-1.amazonaws.com/dataset/346/00e5d804b09a149b6b1c1570fe08aa0a8ad3461ae6781b0a456b32ba715166f0/21133712.jpg,"[""Low-Sodium""]","[""Vegetarian"",""Gluten-Free"",""Egg-Free"",""Peanut-Free"",""Soy-Free"",""Fish-Free"",""Shellfish-Free""]","[""Sulfites""]","[""american""]","[""snack""]","[""desserts""]"
Best Homemade Pizza Dough Recipe,clarkscondensed.com,http://www.clarkscondensed.com/food/best-homemade-pizza-dough-recipe/,8,2702.844,https://datahive-prod-dataset-products.s3.eu-central-1.amazonaws.com/dataset/346/00e67bcddab920a3c034fb40d30d9cb320cc0dda87f3a295b3896b86d172b06b/21105307.jpg,"[""Low-Fat""]","[""Vegetarian"",""Dairy-Free"",""Egg-Free"",""Peanut-Free"",""Tree-Nut-Free"",""Soy-Free"",""Fish-Free"",""Shellfish-Free""]",[],"[""italian""]","[""lunch/dinner""]","[""bread""]"
Pineapple Upside Down Banana Pancakes,tastykitchen.com,https://tastykitchen.com/recipes/breakfastbrunch/pancakeswaffles/pineapple-upside-down-banana-pancakes/,8,1783.661495,https://datahive-prod-dataset-products.s3.eu-central-1.amazonaws.com/dataset/346/00e696aa6b2c5f3bb4a87ab5e41e46c187eada5f3ca54eb3403131d2519cd1ad/21109899.jpg,[],"[""Vegan"",""Vegetarian"",""Dairy-Free"",""Egg-Free"",""Peanut-Free"",""Fish-Free"",""Shellfish-Free""]","[""Gluten"",""Wheat"",""Sulfites""]","[""american""]","[""breakfast""]","[""pancake""]"
Balsamic Berries and Cream,tastykitchen.com,https://tastykitchen.com/recipes/breads/balsamic-berries-and-cream/,2,183.135,https://datahive-prod-dataset-products.s3.eu-central-1.amazonaws.com/dataset/346/00ea2d89ded73d72a1ca3f16bb1608c762af33a608c54819021119eb58a5e5f4/21093460.jpg,"[""Low-Fat"",""Low-Sodium""]","[""Vegetarian"",""Gluten-Free"",""Egg-Free"",""Peanut-Free"",""Tree-Nut-Free"",""Soy-Free"",""Fish-Free"",""Shellfish-Free""]","[""Sulfites""]","[""american""]","[""lunch/dinner""]","[""salad""]"
Mediterranean Crusted Chicken,Allrecipes,https://www.allrecipes.com/recipe/17142/mediterranean-crusted-chicken,6,2522.179231007825,https://datahive-prod-dataset-products.s3.eu-central-1.amazonaws.com/dataset/346/00ebe2eeb6eb5e5da530f6a27745e4ddedaa5a5a1d0a8f2204215f23f25558fa/21056788.jpg,"[""Low-Carb""]","[""Peanut-Free"",""Tree-Nut-Free"",""Soy-Free"",""Fish-Free"",""Shellfish-Free""]","[""Sulfites""]","[""mediterranean""]","[""lunch/dinner""]","[""main course""]"
Smoked Turkey (Without Smoker),Allrecipes,https://www.allrecipes.com/recipe/254884/smoked-turkey-without-smoker,12,6586.554069056001,https://datahive-prod-dataset-products.s3.eu-central-1.amazonaws.com/dataset/346/00ed55222b6a2eb01a10448ff82015b5f95ff0f504191461f429166329334bb3/21020241.jpg,"[""High-Protein"",""Low-Carb""]","[""Dairy-Free"",""Gluten-Free"",""Egg-Free"",""Peanut-Free"",""Tree-Nut-Free"",""Soy-Free"",""Fish-Free"",""Shellfish-Free""]",[],"[""american""]","[""lunch/dinner""]","[""main course""]"
Crispiest Buttermilk Fried Chicken,Allrecipes,https://www.allrecipes.com/recipe/272370/crispiest-buttermilk-fried-chicken,8,10263.20549999941,https://datahive-prod-dataset-products.s3.eu-central-1.amazonaws.com/dataset/346/00ed605ebd7aad9d59fc63ea64b601fa0d5fc003325a3974207dd0c20bee802a/21057918.jpg,"[""Low-Carb""]","[""Egg-Free"",""Peanut-Free"",""Tree-Nut-Free"",""Soy-Free"",""Fish-Free"",""Shellfish-Free""]",[],"[""american""]","[""lunch/dinner""]","[""main course""]"
Mixed Roasted Rosemary Potatoes,seemomclick.com,http://seemomclick.com/pandoras-plate-mixed-roasted-rosemary-potatoes/,4,842.2827391666666,https://datahive-prod-dataset-products.s3.eu-central-1.amazonaws.com/dataset/346/00ee578f75814548ab7332532cd4abdfd983e629e6763bf4cb0019bbe8464832/21107886.jpg,"[""High-Fiber""]","[""Vegan"",""Vegetarian"",""Dairy-Free"",""Gluten-Free"",""Egg-Free"",""Peanut-Free"",""Tree-Nut-Free"",""Soy-Free"",""Fish-Free"",""Shellfish-Free""]",[],"[""mediterranean""]","[""lunch/dinner""]","[""starter""]"
American Berry Pie recipes,Land O'Lakes,https://www.landolakes.com/recipe/16619/american-berry-pie/,8,3236.899993557807,https://datahive-prod-dataset-products.s3.eu-central-1.amazonaws.com/dataset/346/00eec7e2e3a8ece72a018b35e80baed87c1c061ce64eb6ed786e89c0383361f0/21127859.jpeg,"[""Low-Sodium""]","[""Vegetarian"",""Peanut-Free"",""Soy-Free"",""Fish-Free"",""Shellfish-Free""]","[""Gluten"",""Wheat"",""Sulfites""]","[""american""]","[""lunch/dinner""]","[""desserts""]"
Slow Cooker Spiced Plum Butter,leelalicious.com,http://leelalicious.com/slow-cooker-spiced-plum-butter/,4,939.8289804,https://datahive-prod-dataset-products.s3.eu-central-1.amazonaws.com/dataset/346/00f14cafa93d3546039b510137105ce45fde13f385c5132c14fb5e4fa64b70ad/21080192.jpg,"[""Low-Fat"",""Low-Sodium""]","[""Vegetarian"",""Paleo"",""Dairy-Free"",""Gluten-Free"",""Egg-Free"",""Peanut-Free"",""Tree-Nut-Free"",""Soy-Free"",""Fish-Free"",""Shellfish-Free""]","[""Sulfites""]","[""american""]","[""lunch/dinner""]","[""desserts""]"
The Brandy Milk Punch,The Daily Meal,http://www.thedailymeal.com/recipes/brandy-milk-punch-3-recipe,1,246.0306525414063,https://datahive-prod-dataset-products.s3.eu-central-1.amazonaws.com/dataset/346/00f38b7fa80df2ad5c891ab49306b36efb00fd2f81f65ad99f6927c55deb9942/21046999.jpg,"[""Low-Fat"",""Low-Sodium""]","[""Vegetarian"",""Gluten-Free"",""Egg-Free"",""Peanut-Free"",""Tree-Nut-Free"",""Soy-Free"",""Fish-Free"",""Shellfish-Free""]",[],"[""world""]","[""lunch/dinner""]","[""alcohol cocktail""]"
Basil Coconut Orange Brown Rice Breakfast Bowl recipes,theartfuldesperado.com,http://www.theartfuldesperado.com/creamy-basil-coconut-orange-brown-rice-breakfast-bowl-dairy-free/,2,1175.933124999279,https://datahive-prod-dataset-products.s3.eu-central-1.amazonaws.com/dataset/346/00f3affd47f6bf647c278d3a11aad922e3edd44b345ac568245946926eb657b8/21122895.jpeg,"[""Low-Sodium""]","[""Vegan"",""Vegetarian"",""Dairy-Free"",""Gluten-Free"",""Egg-Free"",""Peanut-Free"",""Soy-Free"",""Fish-Free"",""Shellfish-Free""]","[""Tree-Nuts"",""Sulfites"",""FODMAP""]","[""american""]","[""breakfast""]","[""desserts""]"
Sweet Potato Fries,Food Network,https://www.foodnetwork.com/recipes/ree-drummond/sweet-potato-fries-recipe-2008565,6,1336.816025,https://datahive-prod-dataset-products.s3.eu-central-1.amazonaws.com/dataset/346/00f41ec5c2b41c182415f4debb07df32ffde76b0d2f6237bb53c34d0dbddff30/21109663.jpg,[],"[""Vegetarian"",""Gluten-Free"",""Egg-Free"",""Peanut-Free"",""Tree-Nut-Free"",""Soy-Free"",""Fish-Free"",""Shellfish-Free""]",[],"[""american""]","[""lunch/dinner""]","[""starter""]"
Pistachio Dark-Chocolate Crisps,Epicurious,https://www.epicurious.com/recipes/food/views/pistachio-dark-chocolate-crisps-240988,8,1631.281922,https://datahive-prod-dataset-products.s3.eu-central-1.amazonaws.com/dataset/346/00f9dcbfe2f28f8fb67bd69bf5b5867562b987f3a302de7b8bf9bb2e040a2a79/21021522.jpg,"[""Low-Sodium""]","[""Vegetarian"",""Peanut-Free"",""Soy-Free"",""Fish-Free"",""Shellfish-Free""]","[""Sulfites""]","[""american""]","[""snack""]","[""desserts""]"
Beautiful Baked Ziti,Allrecipes,https://www.allrecipes.com/recipe/218849/beautiful-baked-ziti/,9,6263.469015399784,https://datahive-prod-dataset-products.s3.eu-central-1.amazonaws.com/dataset/346/00f9f59467355320dd0350b4d2ad9591c1321dcd74d29bd56b1302fda3a55e00/21048886.jpg,"[""Low-Carb""]","[""Egg-Free"",""Peanut-Free"",""Tree-Nut-Free"",""Soy-Free"",""Fish-Free"",""Shellfish-Free""]","[""Sulfites""]","[""italian""]","[""lunch/dinner""]","[""main course""]"
Goji Berry Trail Mix,food.com,http://www.food.com/recipe/goji-berry-trail-mix-214710,30,2676,https://datahive-prod-dataset-products.s3.eu-central-1.amazonaws.com/dataset/346/00f9ffe1ba473d83885ec06f10b41d8afb023956e820f259dd4081e6aaffa8e8/21089263.jpg,"[""Balanced"",""Low-Sodium""]","[""Vegan"",""Vegetarian"",""Dairy-Free"",""Gluten-Free"",""Egg-Free"",""Peanut-Free"",""Soy-Free"",""Fish-Free"",""Shellfish-Free""]","[""Sulfites"",""FODMAP""]","[""american""]","[""snack""]","[""preps""]"
Lobster Ravioli,EatingWell,https://www.eatingwell.com/recipe/277667/lobster-ravioli,2,1315.473106751864,https://datahive-prod-dataset-products.s3.eu-central-1.amazonaws.com/dataset/346/00fae806e39bfecc1e71d3a119e1088b8ff5ff27d55a86507b7cc751d14ce0f1/21081873.jpg,[],"[""Egg-Free"",""Peanut-Free"",""Tree-Nut-Free"",""Soy-Free"",""Fish-Free""]","[""Sulfites""]","[""italian""]","[""lunch/dinner""]","[""main course""]"
"Mini Baked Frittata with Potatoes, Bacon, Sharp Cheddar, and Green Onions",fortheloveofcooking.net,https://fortheloveofcooking.net/2012/09/mini-baked-frittata-with-potatoes-bacon-sharp-cheddar-and-green-onions.html,1,431.1498965278951,https://datahive-prod-dataset-products.s3.eu-central-1.amazonaws.com/dataset/346/00fc02be4d0d020253870fceafc039d1d4016eacf6ea01fcf2ac55e5dfd6dcd2/21094786.jpg,"[""Balanced"",""High-Fiber""]","[""Gluten-Free"",""Peanut-Free"",""Tree-Nut-Free"",""Soy-Free"",""Fish-Free"",""Shellfish-Free""]","[""Sulfites""]","[""italian""]","[""breakfast""]","[""egg"",""main course""]"
Country White Bread,Allrecipes,https://www.allrecipes.com/recipe/125260/country-white-bread/,32,4008.587975086495,https://datahive-prod-dataset-products.s3.eu-central-1.amazonaws.com/dataset/346/00fd039937ff3d304d40f42339cd4b443708bb8cde7c8ae72c148eb2a685f2fc/21126314.jpg,"[""Low-Sodium""]","[""Vegetarian"",""Dairy-Free"",""Peanut-Free"",""Tree-Nut-Free"",""Soy-Free"",""Fish-Free"",""Shellfish-Free""]",[],"[""american""]","[""breakfast""]","[""bread""]"
Smokey Veggie Soup,food.com,http://www.food.com/recipe/smokey-veggie-soup-280891,6,1318.967541779015,https://datahive-prod-dataset-products.s3.eu-central-1.amazonaws.com/dataset/346/00fd0c46909f0fec9843f7f167fc6f903b51fe4916313ba1c8016a26c77a14ca/21095296.jpg,"[""Balanced"",""High-Fiber""]","[""Dairy-Free"",""Gluten-Free"",""Egg-Free"",""Peanut-Free"",""Tree-Nut-Free"",""Soy-Free"",""Fish-Free"",""Shellfish-Free""]","[""Gluten"",""Wheat"",""Sulfites""]","[""american""]","[""lunch/dinner""]","[""soup""]"
Velveeta Spaghetti Sauce,tastykitchen.com,https://tastykitchen.com/recipes/main-courses/velveeta-spaghetti-sauce/,8,7175.059884786951,https://datahive-prod-dataset-products.s3.eu-central-1.amazonaws.com/dataset/346/00ff8bad3179cc8dd797f2a6598058136d2c03bf4a0a307f8774eb9d76e72ca2/21107718.jpg,"[""Balanced"",""High-Fiber""]","[""Peanut-Free"",""Tree-Nut-Free"",""Soy-Free"",""Fish-Free"",""Shellfish-Free""]","[""Sulfites""]","[""italian""]","[""lunch/dinner""]","[""main course""]"
Popeyes Sweet Potato Casserole,The Daily Meal,http://www.thedailymeal.com/recipes/popeyes-sweet-potato-casserole-recipe,12,2035.073903,https://datahive-prod-dataset-products.s3.eu-central-1.amazonaws.com/dataset/346/0100188e5f8b2115c6f154d73d1f4860987961d275de0cead0268d123b734399/21105583.jpg,[],"[""Peanut-Free"",""Soy-Free"",""Fish-Free"",""Shellfish-Free""]","[""Sulfites"",""FODMAP""]","[""south american""]","[""lunch/dinner""]","[""main course""]"
Peanut Brittle Brownies,jessicasepel.com,https://jessicasepel.com/peanut-brittle-brownies/,12,3330.403,https://datahive-prod-dataset-products.s3.eu-central-1.amazonaws.com/dataset/346/0100a41422bc2ab1d4a611f8abd4ef8c4975898edbdd481648d7b187e3e143d3/21131148.jpg,"[""High-Fiber"",""Low-Sodium""]","[""Vegan"",""Vegetarian"",""Dairy-Free"",""Gluten-Free"",""Egg-Free"",""Soy-Free"",""Fish-Free"",""Shellfish-Free""]","[""Tree-Nuts"",""Sulfites"",""FODMAP""]","[""french""]","[""snack""]","[""desserts""]"
Black Tie Avocado Mousse,tastykitchen.com,https://tastykitchen.com/recipes/desserts/black-tie-avocado-mousse/,4,1181.739999999997,https://datahive-prod-dataset-products.s3.eu-central-1.amazonaws.com/dataset/346/010415afe7104fe566440716fca88a84300c6ff9cb886865715e4012610cdd7e/21094933.jpg,"[""High-Fiber"",""Low-Sodium""]","[""Vegetarian"",""Paleo"",""Dairy-Free"",""Gluten-Free"",""Egg-Free"",""Peanut-Free"",""Tree-Nut-Free"",""Soy-Free"",""Fish-Free"",""Shellfish-Free""]","[""Sulfites""]","[""british""]","[""snack""]","[""desserts""]"
Apple Cider and Rosemary Ice Pops,Bon Appetit,https://www.bonappetit.com/recipe/apple-cider-and-rosemary-ice-pops,12,862.242,https://datahive-prod-dataset-products.s3.eu-central-1.amazonaws.com/dataset/346/010525b8bfa93c5fd2813bd7d7f1558a7aef0ce5e35aa693fae86747cb40c794/20972855.jpg,"[""Low-Fat"",""Low-Sodium""]","[""Vegan"",""Vegetarian"",""Dairy-Free"",""Gluten-Free"",""Egg-Free"",""Peanut-Free"",""Tree-Nut-Free"",""Soy-Free"",""Fish-Free"",""Shellfish-Free""]","[""Sulfites""]","[""mediterranean""]","[""snack""]","[""desserts""]"
Chicken Asparagus Pasta Recipe,Taste of Home,http://www.tasteofhome.com/Recipes/Chicken-Asparagus-Pasta,2,1042.448158,https://datahive-prod-dataset-products.s3.eu-central-1.amazonaws.com/dataset/346/010560c430fd7298a29bfc9d842c81446c30e3df29af07455d7f90ec177defea/21098633.jpg,[],"[""Egg-Free"",""Peanut-Free"",""Tree-Nut-Free"",""Soy-Free"",""Fish-Free"",""Shellfish-Free""]","[""Sulfites""]","[""italian""]","[""lunch/dinner""]","[""main course""]"
Banana Oatmeal Pancakes,pinchandswirl.com,https://pinchandswirl.com/banana-oatmeal-pancakes,4,1481.874854,https://datahive-prod-dataset-products.s3.eu-central-1.amazonaws.com/dataset/346/0106708815d23fb4a74f641ca10f4d6badf6215c0ab779f8adeda73d419cdda2/21057709.jpg,"[""Balanced""]","[""Vegetarian"",""Peanut-Free"",""Tree-Nut-Free"",""Soy-Free"",""Fish-Free"",""Shellfish-Free""]","[""Sulfites""]","[""american""]","[""breakfast""]","[""pancake""]"
Sweet Potato and Apple Salad,food.com,http://www.food.com/recipe/sweet-potato-and-apple-salad-431045,10,1626.047845,https://datahive-prod-dataset-products.s3.eu-central-1.amazonaws.com/dataset/346/0107eb1f95550d24f9da8b3e95ccf37169f43b4c4597ed73ecffb077ade8ee2f/21121475.jpg,[],"[""Vegan"",""Vegetarian"",""Dairy-Free"",""Gluten-Free"",""Egg-Free"",""Peanut-Free"",""Tree-Nut-Free"",""Soy-Free"",""Fish-Free"",""Shellfish-Free""]","[""Sulfites"",""FODMAP""]","[""south american""]","[""lunch/dinner""]","[""salad""]"
Stuffed Delicata Squash,Food52,https://food52.com/recipes/65680-stuffed-delicata-squash,6,5719.868780184375,https://datahive-prod-dataset-products.s3.eu-central-1.amazonaws.com/dataset/346/010e765e788c9edadc9997c494fdf3eaef789e509b07abc541b0dae032c2c017/21035644.jpg,"[""High-Fiber""]","[""Gluten-Free"",""Egg-Free"",""Peanut-Free"",""Tree-Nut-Free"",""Soy-Free"",""Fish-Free"",""Shellfish-Free""]","[""Sulfites""]","[""american""]","[""lunch/dinner""]","[""main course""]"
Italian Stuffed Peppers,food.com,http://www.food.com/recipe/italian-stuffed-peppers-507546,4,2504.177980911111,https://datahive-prod-dataset-products.s3.eu-central-1.amazonaws.com/dataset/346/0110c34d5cff04e4d3977c860a5c0dec012c620386f3c1a94c9cc637e7ddef3d/21101632.jpg,"[""Low-Carb""]","[""Gluten-Free"",""Egg-Free"",""Peanut-Free"",""Tree-Nut-Free"",""Soy-Free"",""Fish-Free"",""Shellfish-Free""]","[""Sulfites""]","[""italian""]","[""lunch/dinner""]","[""main course""]"
Fresh Pea Soup with Veal Meatballs,eatsmarter.com,https://eatsmarter.com/recipes/fresh-pea-soup-with-veal-meatballs,6,797.7170864380705,https://datahive-prod-dataset-products.s3.eu-central-1.amazonaws.com/dataset/346/011218d7ef5284b6d33025631550bbc32a1b61ccd6f7204921bea73f5fcfba1b/21070853.jpg,"[""Balanced""]","[""Gluten-Free"",""Egg-Free"",""Peanut-Free"",""Tree-Nut-Free"",""Soy-Free"",""Fish-Free"",""Shellfish-Free""]","[""Sulfites""]","[""british""]","[""lunch/dinner""]","[""soup""]"
Overnight Blackberry Ginger Oatmeal recipes,ladybehindthecurtain.com,http://www.ladybehindthecurtain.com/overnight-blackberry-ginger-oatmeal/,2,712.2610879756377,https://datahive-prod-dataset-products.s3.eu-central-1.amazonaws.com/dataset/346/0113e5676674f5f5542ed7e87deabe451362706ff9c1a8c1a7663f1ee76acf34/21110800.jpeg,"[""High-Fiber"",""Low-Sodium""]","[""Vegetarian"",""Egg-Free"",""Peanut-Free"",""Tree-Nut-Free"",""Soy-Free"",""Fish-Free"",""Shellfish-Free""]","[""Sulfites""]","[""american""]","[""breakfast""]","[""desserts""]"
"Chickpea, red pepper, egg & feta hash",BBC Good Food,https://www.bbcgoodfood.com/recipes/chickpea-red-pepper-egg-feta-hash,6,1129.7445,https://datahive-prod-dataset-products.s3.eu-central-1.amazonaws.com/dataset/346/01151e6f5c8379c96d1d84395ed8057dda0413926124973343b19dd60c7030ed/20976157.jpg,"[""Balanced"",""High-Fiber""]","[""Vegetarian"",""Peanut-Free"",""Tree-Nut-Free"",""Soy-Free"",""Fish-Free"",""Shellfish-Free""]","[""Sulfites""]","[""greek"",""mediterranean""]","[""lunch/dinner""]","[""main course""]"
Roast Chicken with Carrots,Simply Recipes,https://www.simplyrecipes.com/recipes/roasted_chicken_with_carrots,4,4549.801624672875,https://datahive-prod-dataset-products.s3.eu-central-1.amazonaws.com/dataset/346/0115568f92a9c2a1e40069252f539b86cfe5bb348c32dd8d50ce782d6fb837ef/20987333.jpg,"[""High-Fiber"",""Low-Carb""]","[""Paleo"",""Dairy-Free"",""Gluten-Free"",""Egg-Free"",""Peanut-Free"",""Tree-Nut-Free"",""Soy-Free"",""Fish-Free"",""Shellfish-Free""]","[""Sulfites""]","[""french""]","[""lunch/dinner""]","[""main course""]"
Broken Noodle Zucchini Soup,gardendish.com,http://www.gardendish.com/broken-noodle-zucchini-soup/,8,2226.594199099732,https://datahive-prod-dataset-products.s3.eu-central-1.amazonaws.com/dataset/346/0115c909573c8c370bb6ba7ba8645b497893d043aa350a918878d299b2e6c1ae/21111562.jpg,"[""High-Fiber"",""Low-Fat"",""Low-Sodium""]","[""Vegan"",""Vegetarian"",""Dairy-Free"",""Egg-Free"",""Peanut-Free"",""Tree-Nut-Free"",""Soy-Free"",""Fish-Free"",""Shellfish-Free""]","[""Sulfites""]","[""asian""]","[""lunch/dinner""]","[""soup""]"
Southwest Salsa,BigOven,https://www.bigoven.com/recipe/southwest-salsa/171269,16,336.5689999996991,https://datahive-prod-dataset-products.s3.eu-central-1.amazonaws.com/dataset/346/01196e229d2b5ffc458ab55425df3910a70080a3e5249ecb8f6234f41dd89d5a/21122157.jpg,"[""Low-Fat""]","[""Vegan"",""Vegetarian"",""Dairy-Free"",""Gluten-Free"",""Egg-Free"",""Peanut-Free"",""Tree-Nut-Free"",""Soy-Free"",""Fish-Free"",""Shellfish-Free""]","[""Sulfites"",""FODMAP""]","[""mexican""]","[""lunch/dinner""]","[""condiments and sauces""]"
Ramen Croutons recipes,macheesmo.com,http://www.macheesmo.com/how-to-make-ramen-croutons/,50,1244.54,https://datahive-prod-dataset-products.s3.eu-central-1.amazonaws.com/dataset/346/011b972f47dc2a31e7ac28ccb94992ecc912cf38e47cbbf922ee9ff870ee3658/21134518.jpeg,"[""Balanced"",""Low-Sodium""]","[""Vegetarian"",""Dairy-Free"",""Peanut-Free"",""Tree-Nut-Free"",""Soy-Free"",""Fish-Free"",""Shellfish-Free""]","[""Sulfites""]","[""japanese""]","[""snack""]","[""main course""]"
Spicy Stir-Fried Pork,Tasting Table,https://www.tastingtable.com/entry_detail/chefs_recipes/13040/A_stir_fry_thats_quick_healthful_and_flavorful.htm,4,1117.201059266667,https://datahive-prod-dataset-products.s3.eu-central-1.amazonaws.com/dataset/346/01212385d5369b1cf56e68bed1ef1fafb0b7838159430b54ff3b569811c2887e/20972076.jpg,"[""Low-Carb"",""Low-Sodium""]","[""Dairy-Free"",""Egg-Free"",""Peanut-Free"",""Tree-Nut-Free"",""Fish-Free"",""Shellfish-Free""]","[""Sulfites""]","[""chinese""]","[""lunch/dinner""]","[""main course""]"
Rhubarb & ginger crumble,BBC Good Food,https://www.bbcgoodfood.com/recipes/rhubarb-ginger-crumble,14,4574.014857142856,https://datahive-prod-dataset-products.s3.eu-central-1.amazonaws.com/dataset/346/012249e11a91e5a0f03b85e50e45cda43194775432d9ba843f23a4a788d28336/21035361.jpg,"[""Low-Sodium""]","[""Vegetarian"",""Egg-Free"",""Peanut-Free"",""Soy-Free"",""Fish-Free"",""Shellfish-Free""]","[""Sulfites""]","[""american""]","[""lunch/dinner""]","[""desserts""]"
Nectarine Honey Jam,Spectacularly Delicious,http://spectacularlydelicious.com/2010/09/23/recipe-nectarine-honey-jam/,10,4269.355000000171,https://datahive-prod-dataset-products.s3.eu-central-1.amazonaws.com/dataset/346/01245209296a7f1b3d101b9ba3c608eab72e7c3849d1a13b126f22a7eae99d5f/21081570.jpg,"[""Low-Fat"",""Low-Sodium""]","[""Vegetarian"",""Dairy-Free"",""Gluten-Free"",""Egg-Free"",""Peanut-Free"",""Tree-Nut-Free"",""Soy-Free"",""Fish-Free"",""Shellfish-Free""]","[""Sulfites""]","[""french""]","[""breakfast""]","[""condiments and sauces""]"
Tortellini With Chili-Tomato Sauce,food.com,http://www.food.com/recipe/tortellini-with-chili-tomato-sauce-367203,4,1305.761445449945,https://datahive-prod-dataset-products.s3.eu-central-1.amazonaws.com/dataset/346/012588983bf28c1ac9f6243ce8a0c0a2311abc3f6ea511b592f34c70c8da3cc8/21116315.jpg,"[""High-Fiber""]","[""Egg-Free"",""Peanut-Free"",""Fish-Free"",""Shellfish-Free""]","[""Sulfites""]","[""american""]","[""lunch/dinner""]","[""main course""]"
Chopped Steak,Allrecipes,https://www.allrecipes.com/recipe/256356/chopped-steak,4,2100.78893,https://datahive-prod-dataset-products.s3.eu-central-1.amazonaws.com/dataset/346/0128b87ee0928062e630d23c6e5d9b7722efa660f627ce154da5f00ee50133f1/21067297.jpg,"[""Low-Carb""]","[""Dairy-Free"",""Peanut-Free"",""Tree-Nut-Free"",""Soy-Free"",""Shellfish-Free""]","[""Sulfites""]","[""french""]","[""lunch/dinner""]","[""main course""]"
"Baby Iceberg Wedge Salad With Chilled Shrimp, Mint & Green Goddess",San Francisco Gate,http://www.sfgate.com/food/recipes/detail.html?rid=18293&sorig=qs,6,1082.711883,https://datahive-prod-dataset-products.s3.eu-central-1.amazonaws.com/dataset/346/012d8c1d9e21c3393b5175cd2125a8b6b0c6990302568f5f9f6f2d0df033ed39/21079867.jpg,"[""Low-Carb""]","[""Dairy-Free"",""Gluten-Free"",""Egg-Free"",""Peanut-Free"",""Tree-Nut-Free"",""Soy-Free""]","[""Sulfites""]","[""american""]","[""lunch/dinner""]","[""salad""]"
Roasted Leg of Lamb,eatsmarter.com,https://eatsmarter.com/recipes/roasted-leg-of-lamb-1,6,7179.174443999999,https://datahive-prod-dataset-products.s3.eu-central-1.amazonaws.com/dataset/346/012d8f47b2b8f7f2eca40fd8c936adf1891d95bbae4b1c84d6ed1af93e2ecf55/21131227.jpg,"[""Low-Carb""]","[""Dairy-Free"",""Gluten-Free"",""Egg-Free"",""Peanut-Free"",""Tree-Nut-Free"",""Soy-Free"",""Fish-Free"",""Shellfish-Free""]","[""Sulfites""]","[""chinese""]","[""lunch/dinner""]","[""main course""]"
Vegan Peanut Butter Miso Caramel Corn,fragrantvanilla.com,http://www.fragrantvanilla.com/vegan-peanut-butter-miso-caramel-corn/,6,1686.369333333333,https://datahive-prod-dataset-products.s3.eu-central-1.amazonaws.com/dataset/346/012daa5e5a2050da9f20cba5f546ee7367d519085f0f41a5259bbd31aad1c8a7/21109657.jpg,"[""Low-Sodium""]","[""Vegan"",""Vegetarian"",""Dairy-Free"",""Gluten-Free"",""Egg-Free"",""Fish-Free"",""Shellfish-Free""]","[""Gluten"",""Wheat"",""Sulfites""]","[""american""]","[""snack""]","[""desserts""]"
Salmon with creamed leeks,Food52,https://food52.com/recipes/19870-salmon-with-creamed-leeks,2,864.3789028333921,https://datahive-prod-dataset-products.s3.eu-central-1.amazonaws.com/dataset/346/012fd0bfaeb4a36c353d93c64ee7177d68df4868ad8a37e470a9c5e1f0d72e35/20971841.jpg,"[""Low-Carb"",""Low-Sodium""]","[""Vegetarian"",""Gluten-Free"",""Egg-Free"",""Peanut-Free"",""Tree-Nut-Free"",""Soy-Free"",""Fish-Free"",""Shellfish-Free""]","[""Sulfites""]","[""nordic""]","[""lunch/dinner""]","[""main course""]"
Masala Fettuccini recipes,feedyoursoul2.com,http://www.feedyoursoul2.com/2015/04/masala-fettuccini.html,4,2769.664964868343,https://datahive-prod-dataset-products.s3.eu-central-1.amazonaws.com/dataset/346/013026c34ea7f27a542b8b5eec1acd1ecd62fe10cb0e1e54dcd38a493bf4b900/21122445.jpeg,"[""Balanced""]","[""Vegan"",""Vegetarian"",""Dairy-Free"",""Egg-Free"",""Peanut-Free"",""Tree-Nut-Free"",""Soy-Free"",""Fish-Free"",""Shellfish-Free""]","[""Tree-Nuts"",""Sulfites""]","[""indian""]","[""lunch/dinner""]","[""main course""]"
Keto Bhindi Masala (Stir Fried Okra),headbangerskitchen.com,https://headbangerskitchen.com/recipe/keto-bhindi-masala-stir-fried-okra/,1,415.07325,https://datahive-prod-dataset-products.s3.eu-central-1.amazonaws.com/dataset/346/0132dfef97429786050f5064e6dedee6bceb46a16b75afb7cb8f8202a8e2116b/21120701.jpg,"[""High-Fiber"",""Low-Carb""]","[""Vegan"",""Vegetarian"",""Dairy-Free"",""Gluten-Free"",""Egg-Free"",""Peanut-Free"",""Tree-Nut-Free"",""Soy-Free"",""Fish-Free"",""Shellfish-Free""]",[],"[""middle eastern""]","[""lunch/dinner""]","[""main course""]"
Slow Cooker Italian Beef - Perfect For Hoagies,tasteerecipe.com,https://tasteerecipe.com/2017/10/06/slow-cooker-italian-beef-perfect-hoagies/2/,12,3005.262177799572,https://datahive-prod-dataset-products.s3.eu-central-1.amazonaws.com/dataset/346/0136a1c81b41d3589f52993bde4f9830d3a6bb80b3ef4f87505b1832f843763e/21126551.png,"[""Low-Carb""]","[""Dairy-Free"",""Egg-Free"",""Peanut-Free"",""Tree-Nut-Free"",""Soy-Free"",""Fish-Free"",""Shellfish-Free""]","[""Sulfites""]","[""italian""]","[""lunch/dinner""]","[""main course""]"
Macadamia Nut Hummus recipes,healthfulpursuit.com,http://www.healthfulpursuit.com/recipe/macadamia-nut-hummus/,8,1164.126209785565,https://datahive-prod-dataset-products.s3.eu-central-1.amazonaws.com/dataset/346/0136b27974b01855e96e120e71969199033f8240949fa00659a2790e60ba776f/21131199.jpeg,"[""Low-Carb"",""Low-Sodium""]","[""Vegan"",""Vegetarian"",""Paleo"",""Dairy-Free"",""Gluten-Free"",""Egg-Free"",""Peanut-Free"",""Soy-Free"",""Fish-Free"",""Shellfish-Free""]","[""Sulfites""]","[""mediterranean""]","[""snack""]","[""desserts""]"
Perfect No-Knead Sourdough,jellibeanjournals.com,http://www.jellibeanjournals.com/perfect-no-knead-sourdough/,2,2825.2,https://datahive-prod-dataset-products.s3.eu-central-1.amazonaws.com/dataset/346/01372ca9b2329d5a2b1c0ff2e34bb2e327f9141082708062fbc2c8fa8e490570/21079534.jpg,"[""High-Fiber"",""Low-Fat""]","[""Vegan"",""Vegetarian"",""Dairy-Free"",""Egg-Free"",""Peanut-Free"",""Tree-Nut-Free"",""Soy-Free"",""Fish-Free"",""Shellfish-Free""]",[],"[""american""]","[""lunch/dinner""]","[""bread""]"
Fish Salpicon Souffle,Food52,http://food52.com/recipes/12560-fish-salpicon-souffle,14,3984.023338835901,https://datahive-prod-dataset-products.s3.eu-central-1.amazonaws.com/dataset/346/013a4fbc01edfd9cb24df1213c22b9baec63ffff92fff853da0a31c9976e7d24/21034111.jpg,"[""Low-Carb""]","[""Gluten-Free"",""Peanut-Free"",""Soy-Free"",""Shellfish-Free""]","[""Gluten"",""Wheat"",""Tree-Nuts"",""Sulfites""]","[""french""]","[""lunch/dinner""]","[""main course""]"
Mustard Greens Pesto,tastykitchen.com,https://tastykitchen.com/recipes/appetizers-and-snacks/mustard-greens-pesto/,4,973.484625,https://datahive-prod-dataset-products.s3.eu-central-1.amazonaws.com/dataset/346/013e13e1a84bebf7c91b591648c6e1342679f6b6351239b2e4353ccd4fa85fbe/21103243.jpg,"[""Low-Carb"",""Low-Sodium""]","[""Vegetarian"",""Gluten-Free"",""Egg-Free"",""Peanut-Free"",""Soy-Free"",""Fish-Free"",""Shellfish-Free""]","[""Sulfites""]","[""italian""]","[""lunch/dinner""]","[""condiments and sauces""]"
Instant Pot® Harissa Hummus,Allrecipes,https://www.allrecipes.com/recipe/276695/instant-pot-harissa-hummus,8,1311.942989269606,https://datahive-prod-dataset-products.s3.eu-central-1.amazonaws.com/dataset/346/013f025feb1e2f892c698e88950e1873f0f2b00978045f2207709d7488444038/21080243.jpg,[],"[""Vegan"",""Vegetarian"",""Dairy-Free"",""Gluten-Free"",""Egg-Free"",""Peanut-Free"",""Tree-Nut-Free"",""Soy-Free"",""Fish-Free"",""Shellfish-Free""]","[""Gluten"",""Wheat"",""Sulfites""]","[""mediterranean""]","[""lunch/dinner""]","[""condiments and sauces""]"
Easy Pizza Dough Pretzels Recipe,moolasavingmom.com,https://moolasavingmom.com/easy-pizza-dough-pretzels-recipe/,6,652.0100000000001,https://datahive-prod-dataset-products.s3.eu-central-1.amazonaws.com/dataset/346/013f4a4af37eca4a3883d1f673f55d0587c43205999784f1ef098072fe0be85a/21083337.jpg,"[""Low-Fat""]","[""Vegetarian"",""Dairy-Free"",""Peanut-Free"",""Tree-Nut-Free"",""Soy-Free"",""Fish-Free"",""Shellfish-Free""]",[],"[""italian""]","[""snack""]","[""bread""]"
Easy Gingered Vegetables,food.com,http://www.food.com/recipe/easy-gingered-vegetables-312165,4,298.3477711050799,https://datahive-prod-dataset-products.s3.eu-central-1.amazonaws.com/dataset/346/01413df3b999bcedfa4a64dc227bff933e9537883b5e982d76acef4442edded4/21079574.jpg,"[""Low-Fat""]","[""Dairy-Free"",""Gluten-Free"",""Egg-Free"",""Peanut-Free"",""Tree-Nut-Free"",""Soy-Free"",""Fish-Free"",""Shellfish-Free""]","[""Gluten"",""Wheat"",""Sulfites""]","[""mediterranean""]","[""lunch/dinner""]","[""main course""]"
Calabaza En Tacha,San Francisco Gate,http://www.sfgate.com/food/recipes/detail.html?rid=17371&sorig=qs,10,3828.893257,https://datahive-prod-dataset-products.s3.eu-central-1.amazonaws.com/dataset/346/01415ce9f93d775bf65bdc3b706cafb79e5f09162b4fa11b9b6ec1422906f586/21009950.jpg,"[""Low-Fat"",""Low-Sodium""]","[""Vegan"",""Vegetarian"",""Dairy-Free"",""Gluten-Free"",""Egg-Free"",""Peanut-Free"",""Tree-Nut-Free"",""Soy-Free"",""Fish-Free"",""Shellfish-Free""]",[],"[""mediterranean""]","[""lunch/dinner""]","[""desserts""]"
Root Beer Cookies,Allrecipes,https://www.allrecipes.com/recipe/10188/root-beer-cookies,18,4013.426666666934,https://datahive-prod-dataset-products.s3.eu-central-1.amazonaws.com/dataset/346/01417de396e738c5b570439110d467e745c8f5a9960189899e1e2178338897f2/21110902.jpg,"[""Low-Sodium""]","[""Vegetarian"",""Peanut-Free"",""Tree-Nut-Free"",""Soy-Free"",""Fish-Free"",""Shellfish-Free""]","[""Gluten""]","[""american""]","[""snack""]","[""biscuits and cookies""]"
Coconut Minty Bliss Balls,healthymummy.com,https://www.healthymummy.com/recipe/coconut-minty-bliss-balls/,4,928.1646666666762,https://datahive-prod-dataset-products.s3.eu-central-1.amazonaws.com/dataset/346/0142b59fc44ee8e293211ebe6206199f56ec1aba6ce4b72f85b699baf0586083/21113512.jpg,"[""Low-Sodium""]","[""Vegan"",""Vegetarian"",""Dairy-Free"",""Gluten-Free"",""Egg-Free"",""Peanut-Free"",""Soy-Free"",""Fish-Free"",""Shellfish-Free""]","[""Gluten"",""Wheat"",""Tree-Nuts"",""Sulfites""]","[""french""]","[""snack""]","[""desserts""]"
Vegetarian Sloppy Joes,Allrecipes,https://www.allrecipes.com/recipe/163867/vegetarian-sloppy-joes,6,1588.839162908833,https://datahive-prod-dataset-products.s3.eu-central-1.amazonaws.com/dataset/346/0143ae76ce656b93a9b38290f65f6390148ef4cf955d5d5877594568d6ac2ae2/21080861.jpg,"[""Low-Carb""]","[""Dairy-Free"",""Egg-Free"",""Peanut-Free"",""Tree-Nut-Free"",""Shellfish-Free""]","[""Gluten"",""Wheat"",""Milk"",""Sulfites""]","[""american""]","[""lunch/dinner""]","[""main course""]"
Grilled Turkey Breast with Chili-Cumin Rub,BigOven,https://www.bigoven.com/recipe/grilled-turkey-breast-with-chili-cumin-rub/360665,8,4158.254612858836,https://datahive-prod-dataset-products.s3.eu-central-1.amazonaws.com/dataset/346/0145e84d68021d5ccce9b42efc017058646be0f0a068bbd0623f1f1463050fb3/21059111.jpg,"[""High-Protein"",""Low-Carb""]","[""Gluten-Free"",""Egg-Free"",""Peanut-Free"",""Tree-Nut-Free"",""Soy-Free"",""Fish-Free"",""Shellfish-Free""]",[],"[""american""]","[""lunch/dinner""]","[""main course""]"
"Mozzarella, Pesto And Spinach",Salad Pride,http://saladpride.blogspot.com/2011/06/mozzarella-pesto-and-spinach.html,1,749.0684291853933,https://datahive-prod-dataset-products.s3.eu-central-1.amazonaws.com/dataset/346/01460efc519bd6c7663cbe6934e535502d389471b4bb8814428c17c3bd7a5aa1/21088222.jpg,"[""Low-Carb""]","[""Vegetarian"",""Gluten-Free"",""Egg-Free"",""Peanut-Free"",""Soy-Free"",""Fish-Free"",""Shellfish-Free""]","[""Sulfites"",""FODMAP""]","[""italian""]","[""lunch/dinner""]","[""main course""]"
Creamy Mushroom Soup,justapinch.com,https://www.justapinch.com/recipes/soup/vegetable-soup/creamy-mushroom-soup-2.html,4,392.8932083358316,https://datahive-prod-dataset-products.s3.eu-central-1.amazonaws.com/dataset/346/01471bc17c6b1c3c44cc32a9791f9e88a87665221d468f18d9c8deb9c038e878/21032763.jpeg,"[""Low-Carb"",""Low-Sodium""]","[""Egg-Free"",""Peanut-Free"",""Tree-Nut-Free"",""Soy-Free"",""Shellfish-Free""]","[""Gluten"",""Wheat"",""Sulfites""]","[""american""]","[""lunch/dinner""]","[""soup""]"
Garlic Shrimp,food.com,http://www.food.com/recipe/garlic-shrimp-22758,4,803.2302717491436,https://datahive-prod-dataset-products.s3.eu-central-1.amazonaws.com/dataset/346/01474e2d5f27e07f9a5b9fdd61e643b88ea0d3a9a98236893a0f3822c97b04a1/21095915.jpg,"[""High-Protein"",""Low-Carb""]","[""Dairy-Free"",""Gluten-Free"",""Egg-Free"",""Peanut-Free"",""Tree-Nut-Free"",""Soy-Free""]",[],"[""mediterranean""]","[""lunch/dinner""]","[""main course""]"
Grilled Swordfish with Lemon-Herb Sauce,Williams-Sonoma,https://www.williams-sonoma.com/recipe/grilled-swordfish-with-lemon-herb-sauce.html,4,2984.194061,https://datahive-prod-dataset-products.s3.eu-central-1.amazonaws.com/dataset/346/0149138872d7092c1d686fa810890325af6966c10c930bcb76476b7ab8a909e4/21099682.jpg,"[""Low-Carb""]","[""Dairy-Free"",""Gluten-Free"",""Egg-Free"",""Peanut-Free"",""Tree-Nut-Free"",""Soy-Free"",""Shellfish-Free""]","[""Sulfites""]","[""mediterranean""]","[""lunch/dinner""]","[""main course""]"
sama ke chawal ki idli - vrat ki idli - ma,vegrecipesofindia.com,http://www.vegrecipesofindia.com/sama-ke-chawal-ki-idli-vrat-ki-idli/,4,959.8800000000001,https://datahive-prod-dataset-products.s3.eu-central-1.amazonaws.com/dataset/346/014b98162d0774f2b21c99ceeda0ebf703994793d00fb968b16154379c9c75dc/21074335.jpg,"[""Low-Fat"",""Low-Sodium""]","[""Vegan"",""Vegetarian"",""Dairy-Free"",""Gluten-Free"",""Egg-Free"",""Peanut-Free"",""Tree-Nut-Free"",""Soy-Free"",""Fish-Free"",""Shellfish-Free""]",[],"[""italian""]","[""lunch/dinner""]","[""biscuits and cookies""]"
Sweet Potato Latkes,Food Network,https://www.foodnetwork.com/recipes/food-network-kitchen/sweet-potato-latkes-recipe-1927940,8,625.8428697104317,https://datahive-prod-dataset-products.s3.eu-central-1.amazonaws.com/dataset/346/014c8bf18b30a764978faf1a00650e4e7f7e0b18575770e3b4886bfb3c4dcc6b/21132694.jpg,[],"[""Vegetarian"",""Peanut-Free"",""Tree-Nut-Free"",""Soy-Free"",""Fish-Free"",""Shellfish-Free""]",[],"[""kosher""]","[""lunch/dinner""]","[""main course""]"
Buttered Noodles with Toasted Sage,Delish,https://www.delish.com/cooking/recipe-ideas/recipes/a15165/buttered-noodles-toasted-sage-recipe-fw0211,10,2525.559013303409,https://datahive-prod-dataset-products.s3.eu-central-1.amazonaws.com/dataset/346/014d7b64279eb9be9b41a75191ced91b4adcefd408d913f7891e083c6ff9313a/21110141.jpg,[],"[""Peanut-Free"",""Tree-Nut-Free"",""Soy-Free"",""Fish-Free"",""Shellfish-Free""]","[""Sulfites""]","[""asian""]","[""lunch/dinner""]","[""main course""]"
Slow Cooker Mashed Sweet Potatoes,Allrecipes,https://www.allrecipes.com/recipe/278120/slow-cooker-mashed-sweet-potatoes,6,1498.035065,https://datahive-prod-dataset-products.s3.eu-central-1.amazonaws.com/dataset/346/014e5fe14120bef7d10f0507b6a91b26e937794bfa366a8f443b5de5878e8198/21125191.jpg,"[""High-Fiber""]","[""Vegetarian"",""Gluten-Free"",""Egg-Free"",""Peanut-Free"",""Tree-Nut-Free"",""Soy-Free"",""Fish-Free"",""Shellfish-Free""]",[],"[""american""]","[""lunch/dinner""]","[""main course""]"
Pasta Fagioli,Savoring the Thyme,http://www.savoringthethyme.com/2011/05/pasta-e-fagioli-ala-secret-recipe-club/,8,1436.278036950492,https://datahive-prod-dataset-products.s3.eu-central-1.amazonaws.com/dataset/346/01508d7c9327974b70b5cc02cc4568398bda3505cbfecdd9c8f4d4a4980b3a06/21091180.jpg,"[""Low-Fat""]","[""Egg-Free"",""Peanut-Free"",""Tree-Nut-Free"",""Soy-Free"",""Fish-Free"",""Shellfish-Free""]","[""Sulfites""]","[""italian""]","[""lunch/dinner""]","[""main course""]"
Simple Tzatziki with Feta - Greek Cucumber Yogurt Dip,inspiredtaste.net,http://www.inspiredtaste.net/20515/tzatziki-with-feta-cucumber-yogurt-dip/,6,557.1988517,https://datahive-prod-dataset-products.s3.eu-central-1.amazonaws.com/dataset/346/01541908263fc521223629fe7153c3254c0fdba055bdcbe2df4dde4a87763f45/21116969.jpg,"[""Low-Carb""]","[""Vegetarian"",""Gluten-Free"",""Egg-Free"",""Peanut-Free"",""Tree-Nut-Free"",""Soy-Free"",""Fish-Free"",""Shellfish-Free""]","[""Sulfites""]","[""mediterranean"",""greek""]","[""lunch/dinner""]","[""condiments and sauces""]"
Strawberry Slush,Martha Stewart,https://www.marthastewart.com/340957/strawberry-slush,4,616.4293333333334,https://datahive-prod-dataset-products.s3.eu-central-1.amazonaws.com/dataset/346/01593c1496b64a284ec4c4738bdb3c99df3458e5d63dd5616759c7b9c1c3f5ed/20954153.jpeg,"[""Low-Fat"",""Low-Sodium""]","[""Vegan"",""Vegetarian"",""Paleo"",""Dairy-Free"",""Gluten-Free"",""Egg-Free"",""Peanut-Free"",""Tree-Nut-Free"",""Soy-Free"",""Fish-Free"",""Shellfish-Free""]","[""Sulfites""]","[""american""]","[""lunch/dinner""]","[""desserts""]"
Cold Curry Peach Soup,tastykitchen.com,https://tastykitchen.com/recipes/soups/cold-curry-peach-soup-2/,8,620.1616456473621,https://datahive-prod-dataset-products.s3.eu-central-1.amazonaws.com/dataset/346/015ab6b1dca0bd1f1f1a3c5e29f8c5bced1fcf5c2e221b7a9b207b31a2891589/21125982.jpg,[],"[""Vegan"",""Vegetarian"",""Paleo"",""Dairy-Free"",""Gluten-Free"",""Egg-Free"",""Peanut-Free"",""Tree-Nut-Free"",""Soy-Free"",""Fish-Free"",""Shellfish-Free""]","[""Tree-Nuts"",""Sulfites""]","[""indian""]","[""lunch/dinner""]","[""soup""]"
Herbed Onion Focaccia Recipe,recipeofhealth.com,http://recipeofhealth.com/recipe/herbed-onion-focaccia-725084rb,12,2713.350487539702,https://datahive-prod-dataset-products.s3.eu-central-1.amazonaws.com/dataset/346/015b2c87cd6883236e4e5d51675123428051dff181adfe7c7ec57412d2204fe3/21128620.jpg,[],"[""Vegan"",""Vegetarian"",""Dairy-Free"",""Egg-Free"",""Peanut-Free"",""Tree-Nut-Free"",""Soy-Free"",""Fish-Free"",""Shellfish-Free""]","[""Sulfites""]","[""italian""]","[""lunch/dinner""]","[""bread""]"
Olive Lentil Burgers recipes,Post Punk Kitchen,http://www.theppk.com/2010/12/olive-lentil-burgers/,6,1085.884427660458,https://datahive-prod-dataset-products.s3.eu-central-1.amazonaws.com/dataset/346/015c07ddd3b437ad4a59a03dada6f8dfbc0f1d7f169d0c56d32df5f0230ec259/21107289.jpeg,"[""Balanced""]","[""Vegan"",""Vegetarian"",""Dairy-Free"",""Egg-Free"",""Peanut-Free"",""Tree-Nut-Free"",""Fish-Free"",""Shellfish-Free""]","[""Sulfites""]","[""mediterranean""]","[""lunch/dinner""]","[""main course""]"
Easy Vegan Overnight Oats,food.com,http://www.food.com/recipe/easy-vegan-overnight-oats-494731,1,460.917,https://datahive-prod-dataset-products.s3.eu-central-1.amazonaws.com/dataset/346/0160251d332f2d0d50c7e5da7ea34d3ecdc412e8da9e459df00a13e33e22d7f7/21029936.jpg,"[""Balanced"",""High-Fiber""]","[""Vegan"",""Vegetarian"",""Dairy-Free"",""Gluten-Free"",""Egg-Free"",""Peanut-Free"",""Soy-Free"",""Fish-Free"",""Shellfish-Free""]","[""Gluten"",""Wheat"",""Sulfites""]","[""american""]","[""breakfast""]","[""cereals""]"
Crockpot Lemon Rosemary Chicken,stockpilingmoms.com,https://www.stockpilingmoms.com/crockpot-lemon-rosemary-chicken/,4,2717.343,https://datahive-prod-dataset-products.s3.eu-central-1.amazonaws.com/dataset/346/0160262e5c86b6bb8fb28c09475c416985dae609a492388ae75716414d7d634e/21131064.jpg,"[""Low-Carb""]","[""Paleo"",""Dairy-Free"",""Gluten-Free"",""Egg-Free"",""Peanut-Free"",""Tree-Nut-Free"",""Soy-Free"",""Fish-Free"",""Shellfish-Free""]","[""Sulfites""]","[""mediterranean""]","[""lunch/dinner""]","[""main course""]"
Greek Chicken Burgers With Feta,food.com,http://www.food.com/recipe/greek-chicken-burgers-with-feta-498952,4,1107.790170526567,https://datahive-prod-dataset-products.s3.eu-central-1.amazonaws.com/dataset/346/0163f60d7afd22637fd9ba87f43f585f52a62e46510be90c429ac6012b6bde75/21135990.jpg,"[""Low-Carb""]","[""Peanut-Free"",""Tree-Nut-Free"",""Soy-Free"",""Fish-Free"",""Shellfish-Free""]","[""Sulfites""]","[""greek"",""mediterranean""]","[""lunch/dinner""]","[""main course""]"
Avocado & Banana Chocolate Pudding recipes,shutterbean.com,http://www.shutterbean.com/2014/avocado-banana-chocolate-pudding/,4,1900.934,https://datahive-prod-dataset-products.s3.eu-central-1.amazonaws.com/dataset/346/01664ef1bcd5379c975775eb4963f10b7830e6e92d96aafb1df1eaa2cd5ece15/21112225.jpeg,"[""High-Fiber"",""Low-Sodium""]","[""Vegan"",""Vegetarian"",""Dairy-Free"",""Gluten-Free"",""Egg-Free"",""Tree-Nut-Free"",""Soy-Free"",""Fish-Free"",""Shellfish-Free""]","[""Tree-Nuts"",""Sulfites""]","[""british""]","[""snack""]","[""desserts""]"
Sausage French Toast Paninis,Betty Crocker,https://www.bettycrocker.com/recipes/sausage-french-toast-paninis/36ca08f1-9c43-4488-9513-4cd4458cc6d5,6,3058.777192,https://datahive-prod-dataset-products.s3.eu-central-1.amazonaws.com/dataset/346/01682100b38daae8b1aee2f2016728b72b21571ee93a3ac59fa407a24dc17f95/21068829.webp,[],"[""Peanut-Free"",""Tree-Nut-Free"",""Soy-Free"",""Fish-Free"",""Shellfish-Free""]","[""Sulfites""]","[""italian"",""french""]","[""lunch/dinner""]","[""desserts"",""main course""]"
Salt Crusted Potatoes with Fresh Rosemary recipes,melskitchencafe.com,http://www.melskitchencafe.com/salt-crusted-potatoes-with-fresh-rosemary/,6,1814.831562,https://datahive-prod-dataset-products.s3.eu-central-1.amazonaws.com/dataset/346/0168fb1189220fb8bffdab9c9dc04b01a733a33cf4588b3230fe3155249ed998/21078536.jpeg,"[""High-Fiber"",""Low-Fat""]","[""Vegan"",""Vegetarian"",""Dairy-Free"",""Gluten-Free"",""Egg-Free"",""Peanut-Free"",""Tree-Nut-Free"",""Soy-Free"",""Fish-Free"",""Shellfish-Free""]",[],"[""british""]","[""lunch/dinner""]","[""starter""]"
Deluxe Macaroni and Cheese,Cookstr,http://www.cookstr.com/recipes/deluxe-macaroni-and-cheese,12,3351.019346,https://datahive-prod-dataset-products.s3.eu-central-1.amazonaws.com/dataset/346/01691bce6ffc49457773a1788ade6ab024af140398ab1ecfd105daabc171c844/21077475.jpg,[],"[""Egg-Free"",""Peanut-Free"",""Tree-Nut-Free"",""Soy-Free"",""Shellfish-Free""]","[""Sulfites""]","[""mediterranean""]","[""lunch/dinner""]","[""main course""]"
Brownie-Walnut Pie,Food Network,https://www.foodnetwork.com/recipes/giada-de-laurentiis/brownie-walnut-pie-recipe-2119507,10,4333.818399484375,https://datahive-prod-dataset-products.s3.eu-central-1.amazonaws.com/dataset/346/016a0d1155b76d0aae01d8b8cf8727626278e509b0377a9da2341ea7e1659059/21095088.jpg,[],"[""Vegetarian"",""Peanut-Free"",""Soy-Free"",""Fish-Free"",""Shellfish-Free""]","[""Sulfites""]","[""french""]","[""lunch/dinner""]","[""desserts""]"
Oat Flour Pancakes with Warm Blueberry Sau,thecalmingkitchen.com,http://www.thecalmingkitchen.com/oat-flour-pancakes-with-warm-blueberry-sauce/,6,968.6539999995241,https://datahive-prod-dataset-products.s3.eu-central-1.amazonaws.com/dataset/346/016a0e2ea4bc48aaff6de436fb19c47c483354f74c4fc87945c436427e98969f/21099311.jpg,"[""Balanced""]","[""Vegetarian"",""Dairy-Free"",""Peanut-Free"",""Fish-Free"",""Shellfish-Free""]","[""Gluten"",""Wheat"",""Tree-Nuts"",""Sulfites""]","[""american""]","[""breakfast""]","[""pancake""]"
Chicken Cordon Bleu,Skinnytaste,http://www.skinnytaste.com/2009/03/chicken-cordon-bleu.html,12,3157.000652009031,https://datahive-prod-dataset-products.s3.eu-central-1.amazonaws.com/dataset/346/016ac8bd4da4a98f0602ab1b21e505d5d02cf2b7d99208597c9e8de4306c2da5/21054034.jpg,"[""Low-Carb""]","[""Peanut-Free"",""Tree-Nut-Free"",""Soy-Free"",""Fish-Free"",""Shellfish-Free""]","[""Sulfites""]","[""french""]","[""lunch/dinner""]","[""main course""]"
Swiss Chard + Bacon Linguine With Butternut Squash Cream Sauce,Bella Eats,http://www.bellaeats.com/blog/2009/1/27/swiss-chard-i-think-i-love-you.html,4,2630.602281996501,https://datahive-prod-dataset-products.s3.eu-central-1.amazonaws.com/dataset/346/016ad0e2774f063a259af980326551bee9645a5fd437c83e5a19d6f0e7ba2d85/21051006.jpg,"[""Balanced"",""High-Fiber""]","[""Egg-Free"",""Peanut-Free"",""Tree-Nut-Free"",""Soy-Free"",""Fish-Free"",""Shellfish-Free""]","[""Sulfites""]","[""american""]","[""lunch/dinner""]","[""main course""]"
Crab Cake & Egg Scramble,food.com,http://www.food.com/recipe/crab-cake-egg-scramble-493548,1,925.6531817711306,https://datahive-prod-dataset-products.s3.eu-central-1.amazonaws.com/dataset/346/016bf3a636aefcce2cc48f363cab05ce67d44bcb7eeea43a46f0ff001b1d57d7/21101140.jpg,"[""Low-Carb""]",[],"[""Soy"",""Sulfites""]","[""american""]","[""lunch/dinner"",""breakfast""]","[""main course"",""egg"",""desserts""]"
Skillet Steak Fajitas,tastykitchen.com,https://tastykitchen.com/recipes/main-courses/skillet-steak-fajitas/,3,1246.671299388889,https://datahive-prod-dataset-products.s3.eu-central-1.amazonaws.com/dataset/346/0170b5487a6365085bc4d8c1c00cd1d972913007af673ba8fc64082647b38037/21121654.jpg,"[""Low-Carb""]","[""Paleo"",""Dairy-Free"",""Gluten-Free"",""Egg-Free"",""Peanut-Free"",""Tree-Nut-Free"",""Soy-Free"",""Fish-Free"",""Shellfish-Free""]","[""Sulfites""]","[""mexican""]","[""lunch/dinner""]","[""main course""]"
Slow Cooker Carne Asada recipes,lexiscleankitchen.com,http://lexiscleankitchen.com/2016/09/11/slow-cooker-carne-asada/,6,1500.660662000142,https://datahive-prod-dataset-products.s3.eu-central-1.amazonaws.com/dataset/346/01723ed4c372d7cd5165bceb346689ec4a2662c0acacc3bce12723662ac266ae/20970953.jpeg,"[""High-Protein"",""Low-Carb""]","[""Dairy-Free"",""Gluten-Free"",""Egg-Free"",""Peanut-Free"",""Tree-Nut-Free"",""Soy-Free"",""Shellfish-Free""]","[""Shellfish"",""Sulfites"",""FODMAP""]","[""south american""]","[""lunch/dinner""]","[""main course""]"
Mini Heirloom Tomato and Chick Pea Salad,jerseygirlcooks.com,http://www.jerseygirlcooks.com/2014/04/mini-heirloom-tomato-and-chick-pea-salad.html,4,721.0158199705688,https://datahive-prod-dataset-products.s3.eu-central-1.amazonaws.com/dataset/346/0172b86df0deac55b878cfc5261a313dc3040e8ee4521bcf2a78e960d00c67eb/21102216.jpg,"[""High-Fiber""]","[""Vegan"",""Vegetarian"",""Dairy-Free"",""Gluten-Free"",""Egg-Free"",""Peanut-Free"",""Tree-Nut-Free"",""Soy-Free"",""Fish-Free"",""Shellfish-Free""]","[""Sulfites""]","[""american""]","[""lunch/dinner""]","[""salad""]"
Chicken Provencale recipes,slowcookercentral.com,http://www.slowcookercentral.com/recipe/chicken-provencale/,4,4138.854074748261,https://datahive-prod-dataset-products.s3.eu-central-1.amazonaws.com/dataset/346/0173672aa22884702a08b5fbbcffabaca6fec9ca948369bf172328bfd3969658/21093413.jpeg,"[""High-Fiber"",""Low-Carb""]","[""Dairy-Free"",""Gluten-Free"",""Egg-Free"",""Peanut-Free"",""Tree-Nut-Free"",""Soy-Free"",""Fish-Free"",""Shellfish-Free""]","[""Sulfites""]","[""french""]","[""lunch/dinner""]","[""main course""]"
A classic with Cognac and Champagne for V-Day recipes,Food Republic,http://www.foodrepublic.com/recipes/a-french-75-cocktail-with-cognac-you-better-believe-it-and-check-your-history/,4,179.0981123421875,https://datahive-prod-dataset-products.s3.eu-central-1.amazonaws.com/dataset/346/0174b6c1e6d2c4848b7729024fe707dc0b5d8080d1a20bd7d84055c07e675e52/20956497.jpeg,"[""Low-Fat"",""Low-Sodium""]","[""Vegan"",""Vegetarian"",""Dairy-Free"",""Gluten-Free"",""Egg-Free"",""Peanut-Free"",""Tree-Nut-Free"",""Soy-Free"",""Fish-Free"",""Shellfish-Free""]","[""Sulfites""]","[""world""]","[""lunch/dinner""]","[""alcohol cocktail""]"
Whole Wheat Rigatoni with Roasted Vegetables,aol.com,https://www.aol.com/food/recipes/whole-wheat-rigatoni-roasted-vegetables,4,1820.278269198921,https://datahive-prod-dataset-products.s3.eu-central-1.amazonaws.com/dataset/346/01762faf8f4ec4ff66d9f004fb80d4175396807f539982ec92b5e67a76b4b2bd/21090765.jpg,"[""Balanced"",""High-Fiber"",""Low-Sodium""]","[""Vegetarian"",""Egg-Free"",""Peanut-Free"",""Soy-Free"",""Fish-Free"",""Shellfish-Free""]","[""Sulfites""]","[""american""]","[""lunch/dinner""]","[""main course""]"
Lemon Dill Baked Salmon Fillets,recipezazz.com,https://www.recipezazz.com/recipe/lemon-dill-baked-salmon-fillets-9844,4,542.696218,https://datahive-prod-dataset-products.s3.eu-central-1.amazonaws.com/dataset/346/017c4375a6bf5caebf730f9baceb022281d44b4574bdd36eb4a462afc9abcef7/21115465.jpg,"[""Low-Carb"",""Low-Sodium""]","[""Paleo"",""Dairy-Free"",""Gluten-Free"",""Peanut-Free"",""Tree-Nut-Free"",""Soy-Free"",""Shellfish-Free""]","[""Sulfites""]","[""nordic""]","[""lunch/dinner""]","[""main course""]"
Parmesan Celery Salad Recipe from 101cookbooks.com,BigOven,http://www.bigoven.com/recipe/Parmesan-Celery-Salad-Recipe-from-101cookbooks.com/324252,1,2005.129919229164,https://datahive-prod-dataset-products.s3.eu-central-1.amazonaws.com/dataset/346/017c66a7519a20d9c6d703411cb94b9b7e018bd8d8959537960415773bff5908/21108404.jpg,"[""Balanced"",""High-Fiber""]","[""Vegetarian"",""Gluten-Free"",""Egg-Free"",""Peanut-Free"",""Soy-Free"",""Fish-Free"",""Shellfish-Free""]","[""Sulfites""]","[""italian""]","[""lunch/dinner""]","[""main course""]"
Vegetable Wraps,eatsmarter.com,https://eatsmarter.com/recipes/vegetable-wraps,4,3177.152943024321,https://datahive-prod-dataset-products.s3.eu-central-1.amazonaws.com/dataset/346/017dfe2ad88da5a5cea4ecb62cc12eeca3282a10aac1403ac79d593e01b74122/21108473.jpg,"[""Balanced"",""High-Fiber""]","[""Vegetarian"",""Egg-Free"",""Peanut-Free"",""Tree-Nut-Free"",""Fish-Free"",""Shellfish-Free""]","[""Gluten"",""Wheat"",""Sulfites""]","[""american""]","[""lunch/dinner""]","[""main course""]"
Spritz Cookies recipes,simpleindianrecipes.com,http://simpleindianrecipes.com/SpritzCookies.aspx,4,2127.894848,https://datahive-prod-dataset-products.s3.eu-central-1.amazonaws.com/dataset/346/017eb2d9b296297bbcc38e6f58d0c2a916f155adc244978d3167497c8578e36d/21113812.jpeg,"[""Low-Carb""]","[""Vegetarian"",""Peanut-Free"",""Tree-Nut-Free"",""Soy-Free"",""Fish-Free"",""Shellfish-Free""]",[],"[""american""]","[""snack""]","[""biscuits and cookies""]"
Cream Cheese Syrup,Real Simple,https://www.realsimple.com/food-recipes/browse-all-recipes/cream-cheese-syrup,4,573.1713238,https://datahive-prod-dataset-products.s3.eu-central-1.amazonaws.com/dataset/346/01812d88297d838302c5a7ae57a71a6799514fc55ae3cce85fe75d470c07507d/21053606.jpeg,"[""Low-Sodium""]","[""Vegetarian"",""Gluten-Free"",""Egg-Free"",""Peanut-Free"",""Tree-Nut-Free"",""Soy-Free"",""Fish-Free"",""Shellfish-Free""]","[""Sulfites""]","[""american""]","[""breakfast""]","[""condiments and sauces""]"
Farro and White Bean Salad,Good Housekeeping,http://www.goodhousekeeping.com/food-recipes/a10869/farro-white-bean-salad-recipe-rbk0411/,4,2109.731165387253,https://datahive-prod-dataset-products.s3.eu-central-1.amazonaws.com/dataset/346/01817ac6c737b93ca12232710caa1cd67983d67531d607a91b9a800fe02459c3/21120403.jpg,"[""Balanced""]","[""Vegetarian"",""Egg-Free"",""Peanut-Free"",""Soy-Free"",""Fish-Free"",""Shellfish-Free""]","[""Sulfites""]","[""south east asian""]","[""lunch/dinner""]","[""salad""]"
Blueberry Banana Smoothie recipes,cookazido.wordpress.com,https://cookazido.wordpress.com/2015/02/19/blueberry-banana-smoothie/,4,201.8155,https://datahive-prod-dataset-products.s3.eu-central-1.amazonaws.com/dataset/346/01842ec715cda299e9cbd36562dc471c732e5322a220b7a57ddaea54df9ab748/21082498.jpeg,"[""Low-Fat"",""Low-Sodium""]","[""Vegan"",""Vegetarian"",""Paleo"",""Dairy-Free"",""Gluten-Free"",""Egg-Free"",""Peanut-Free"",""Tree-Nut-Free"",""Soy-Free"",""Fish-Free"",""Shellfish-Free""]","[""Sulfites"",""FODMAP""]","[""american""]","[""breakfast""]","[""drinks""]"
Healthy Chocolate Peanut Butter No-Bakes recipes,popsugar.com,https://www.popsugar.com/fitness/Healthy-Chocolate-Peanut-Butter--Bake-Dessert-37939654,32,4102.173,https://datahive-prod-dataset-products.s3.eu-central-1.amazonaws.com/dataset/346/018513f09b094d3908b07b1511dd8c90dabf5092628597b36874e1acb546c783/21045927.jpeg,"[""Balanced"",""Low-Sodium""]","[""Vegetarian"",""Egg-Free"",""Soy-Free"",""Fish-Free"",""Shellfish-Free""]","[""Sulfites""]","[""american""]","[""snack""]","[""desserts""]"
White Bean and Root Veggie Soup,gardenfreshfoodie.com,http://www.gardenfreshfoodie.com/soups-stews/white-bean-and-root-veggie-soup/,8,1374.589579657931,https://datahive-prod-dataset-products.s3.eu-central-1.amazonaws.com/dataset/346/018579dc9e423b03f07c417a60dd99fdb6d32aa789a85d7a39f7fea1227c085c/21135497.jpg,"[""High-Fiber"",""Low-Fat""]","[""Dairy-Free"",""Gluten-Free"",""Egg-Free"",""Peanut-Free"",""Tree-Nut-Free"",""Soy-Free"",""Fish-Free"",""Shellfish-Free""]","[""Sulfites""]","[""american""]","[""lunch/dinner""]","[""soup""]"
Chardonnay Marinated Chicken or Pork,justapinch.com,https://www.justapinch.com/recipes/main-course/chicken/chardonnay-marinated-chicken-or-pork.html,6,2851.383378386543,https://datahive-prod-dataset-products.s3.eu-central-1.amazonaws.com/dataset/346/01872a2b29bd32d7a8fde4cc0faafd662c2c10bbae0693bd014e0d4e1832842c/21049398.jpeg,"[""Low-Sodium""]","[""Paleo"",""Dairy-Free"",""Gluten-Free"",""Egg-Free"",""Peanut-Free"",""Tree-Nut-Free"",""Soy-Free"",""Fish-Free"",""Shellfish-Free""]","[""Sulfites""]","[""american""]","[""lunch/dinner""]","[""main course""]"
Marc Murphy's Green Chicken Chili Recipe,Food Republic,http://www.foodrepublic.com/2014/01/23/marc-murphys-green-chicken-chili-recipe,4,2756.077501650268,https://datahive-prod-dataset-products.s3.eu-central-1.amazonaws.com/dataset/346/0189e81a63ef3a4b585aeeeb4073025447c2a5e6877034aab493359418c1dd75/20974069.jpg,"[""High-Fiber""]","[""Egg-Free"",""Peanut-Free"",""Tree-Nut-Free"",""Soy-Free"",""Fish-Free"",""Shellfish-Free""]","[""Sulfites""]","[""american""]","[""lunch/dinner""]","[""main course""]"
Spinach Artichoke Dip,tastykitchen.com,https://tastykitchen.com/recipes/appetizers-and-snacks/spinach-artichoke-dip-4/,10,5951.706344432813,https://datahive-prod-dataset-products.s3.eu-central-1.amazonaws.com/dataset/346/018bf506ae4c8c8de80ca8972e742bb9200b2a8f5392539bea7b68cc541af67b/21060058.jpg,[],"[""Vegetarian"",""Peanut-Free"",""Tree-Nut-Free"",""Soy-Free"",""Fish-Free"",""Shellfish-Free""]","[""Sulfites""]","[""mediterranean""]","[""lunch/dinner""]","[""main course""]"
Sugar Free Peanut Butter Buttercream Frosting,sugarfreemom.com,https://www.sugarfreemom.com/recipes/sugar-free-peanut-butter-buttercream-frosting,6,1583.07,https://datahive-prod-dataset-products.s3.eu-central-1.amazonaws.com/dataset/346/018c1ff5bc6b449b6f3fd9e281a44c6db2814de5bbdec2a1a8663700d8f2388e/21075386.jpg,"[""Low-Carb"",""Low-Sodium""]","[""Vegetarian"",""Gluten-Free"",""Egg-Free"",""Tree-Nut-Free"",""Soy-Free"",""Fish-Free"",""Shellfish-Free""]","[""Sulfites""]","[""american""]","[""snack""]","[""condiments and sauces""]"
Pan-Fried Salmon,Delish,https://www.delish.com/cooking/recipe-ideas/a23570664/pan-fried-salmon,4,1939.510569,,"[""Low-Carb"",""Low-Sodium""]","[""Gluten-Free"",""Egg-Free"",""Peanut-Free"",""Tree-Nut-Free"",""Soy-Free"",""Shellfish-Free""]","[""Sulfites""]","[""nordic""]","[""lunch/dinner""]","[""main course""]"
Endive with Salmon and Capers,Food52,https://food52.com/recipes/4537-endive-with-salmon-and-capers,10,188.36375,https://datahive-prod-dataset-products.s3.eu-central-1.amazonaws.com/dataset/346/018d41c5c92c854b0256e8346625000a8e56167cd7cf4d1b41c6e30cb2327e3f/20982080.jpg,"[""Low-Carb"",""Low-Sodium""]","[""Paleo"",""Dairy-Free"",""Gluten-Free"",""Egg-Free"",""Peanut-Free"",""Tree-Nut-Free"",""Soy-Free"",""Shellfish-Free""]","[""Sulfites""]","[""nordic""]","[""lunch/dinner""]","[""main course""]"
Deep-Fried Marinated Fish (In Pieces),BigOven,http://www.bigoven.com/recipe/Deep-Fried-Marinated-Fish-(In-Pieces)/78208,6,3289.978527,https://datahive-prod-dataset-products.s3.eu-central-1.amazonaws.com/dataset/346/018f1db84cefa2ec51a201e1e51483ccb28141e240032f2157863b4570e9d200/21083962.jpg,"[""Low-Carb""]","[""Dairy-Free"",""Egg-Free"",""Peanut-Free"",""Tree-Nut-Free"",""Shellfish-Free""]",[],"[""south east asian""]","[""lunch/dinner""]","[""starter""]"
Chocolate Banana Oatmeal Breakfast Muffins recipes,lynnskitchenadventures.com,http://www.lynnskitchenadventures.com/2013/05/chocolate-banana-oatmeal-breakfast-muffins.html,18,3801.651,https://datahive-prod-dataset-products.s3.eu-central-1.amazonaws.com/dataset/346/019073cac6a98d218983dc5b2c8c06c8b11ccefc404a095881c4a4dc253cba1b/21049851.jpeg,"[""Balanced""]","[""Vegetarian"",""Gluten-Free"",""Peanut-Free"",""Tree-Nut-Free"",""Soy-Free"",""Fish-Free"",""Shellfish-Free""]","[""Gluten"",""Wheat"",""Sulfites""]","[""american""]","[""breakfast""]","[""desserts""]"
Tuscan Pork with Chickpeas & Spinach,blog.myfitnesspal.com,https://blog.myfitnesspal.com/tuscan-pork-with-chickpeas-spinach/,6,2912.168965932521,https://datahive-prod-dataset-products.s3.eu-central-1.amazonaws.com/dataset/346/0190ab07124bd1c4e9956bf5065d3d4781ba3d7a0859b3bf531e7109747f2a18/21126802.jpg,"[""High-Fiber"",""Low-Carb""]","[""Dairy-Free"",""Gluten-Free"",""Egg-Free"",""Peanut-Free"",""Tree-Nut-Free"",""Soy-Free"",""Fish-Free"",""Shellfish-Free""]","[""Sulfites""]","[""italian""]","[""lunch/dinner""]","[""main course""]"
Rum Flavored Fruit Salad,McCormick,http://www.mccormick.com/Recipes/Dessert/Rum-Flavored-Fruit-Salad,12,807.6089999994572,https://datahive-prod-dataset-products.s3.eu-central-1.amazonaws.com/dataset/346/0196cbf5ce57bdfb2947b475b145a3e9943dd65bc054f8f994905327d8c10751/21100404.jpg,"[""Low-Fat"",""Low-Sodium""]","[""Vegan"",""Vegetarian"",""Dairy-Free"",""Gluten-Free"",""Egg-Free"",""Peanut-Free"",""Tree-Nut-Free"",""Soy-Free"",""Fish-Free"",""Shellfish-Free""]","[""Wheat"",""Sulfites""]","[""american""]","[""snack""]","[""salad""]"
Cocoa-Toasted Cauliflower recipes,theclothesmakethegirl.com,http://theclothesmakethegirl.com/2011/01/11/cocoa-toasted-cauliflower/,4,393.2546944446516,https://datahive-prod-dataset-products.s3.eu-central-1.amazonaws.com/dataset/346/0197316811d5381a1eaff33ef824206482e2e3b7ff190cd6e2ec147d9acbebfe/21111489.jpeg,[],"[""Vegan"",""Vegetarian"",""Paleo"",""Dairy-Free"",""Gluten-Free"",""Egg-Free"",""Peanut-Free"",""Tree-Nut-Free"",""Soy-Free"",""Fish-Free"",""Shellfish-Free""]","[""Tree-Nuts"",""Sulfites""]","[""american""]","[""lunch/dinner""]","[""starter""]"
brisket & cabbage,eatsomethingsexy.com,http://eatsomethingsexy.com/brisket-cabbage/,20,6802.7506,https://datahive-prod-dataset-products.s3.eu-central-1.amazonaws.com/dataset/346/019a27b2df59cf69602bcf06c3740493508205287b342bde242188e921e00684/21121412.jpg,"[""High-Protein"",""Low-Carb""]","[""Dairy-Free"",""Egg-Free"",""Peanut-Free"",""Tree-Nut-Free"",""Soy-Free"",""Fish-Free"",""Shellfish-Free""]",[],"[""british""]","[""lunch/dinner""]","[""main course""]"
Tacos con Puerco,BigOven,http://www.bigoven.com/recipe/Tacos-con-Puerco/159237,4,1827.608922269151,https://datahive-prod-dataset-products.s3.eu-central-1.amazonaws.com/dataset/346/019c2e315c6bda42cf7b855d97ac62090b1a514bea1c8c2a3980d2b83fa4009f/21028430.jpg,"[""High-Fiber""]","[""Dairy-Free"",""Egg-Free"",""Peanut-Free"",""Tree-Nut-Free"",""Soy-Free"",""Fish-Free"",""Shellfish-Free""]","[""Eggs"",""Milk""]","[""mexican""]","[""lunch/dinner""]","[""main course""]"
Pumpkin Ale Soup,noshmyway.com,http://noshmyway.com/2013/10/24/pumpkin-ale-soup-recipe/,6,983.8497200400624,https://datahive-prod-dataset-products.s3.eu-central-1.amazonaws.com/dataset/346/019d629cd08ccd61110ebd0b1a392ca6d399ceb32c7b1a2453b8976202e9aeb7/21049231.jpg,"[""Balanced""]","[""Vegetarian"",""Egg-Free"",""Peanut-Free"",""Tree-Nut-Free"",""Soy-Free"",""Fish-Free"",""Shellfish-Free""]","[""Sulfites""]","[""american""]","[""lunch/dinner""]","[""soup""]"
Brooklyn Pad Thai recipes,planetveggie.co.uk,http://www.planetveggie.co.uk/brooklyn-pad-thai-vegan-with-a-vengeance-by-isa-chandra-moskowitz/,2,833.9877777776055,https://datahive-prod-dataset-products.s3.eu-central-1.amazonaws.com/dataset/346/019de659ff6767eb0869badb180c4b036204a3c984eebe8ef5c108e04dab2f36/21135612.jpeg,[],"[""Vegan"",""Vegetarian"",""Dairy-Free"",""Egg-Free"",""Tree-Nut-Free"",""Fish-Free"",""Shellfish-Free""]","[""Gluten"",""Wheat"",""Sulfites""]","[""south east asian""]","[""lunch/dinner""]","[""main course""]"
Carrot Fettuccine With Mushrooms and Red Pepper,completerecipes.com,https://completerecipes.com/carrot-fettuccine-with-mushrooms-and-red-pepper.html,4,414.9005054166667,https://datahive-prod-dataset-products.s3.eu-central-1.amazonaws.com/dataset/346/019f54173b916c8b66ec400a81cf268836621c82e1687eff3559748a3dce4bf5/21125688.jpg,[],"[""Vegan"",""Vegetarian"",""Dairy-Free"",""Gluten-Free"",""Egg-Free"",""Peanut-Free"",""Tree-Nut-Free"",""Soy-Free"",""Fish-Free"",""Shellfish-Free""]","[""Sulfites""]","[""italian""]","[""lunch/dinner""]","[""main course""]"
Parmesan Crisps,food.com,http://www.food.com/recipe/parmesan-crisps-400770,8,584.0482581,https://datahive-prod-dataset-products.s3.eu-central-1.amazonaws.com/dataset/346/01a43c0ffdfcef17606c12c66c9ff8c9f86bd6ea22e2055a1c70b66bd9405770/21075143.jpg,"[""Low-Carb""]","[""Vegetarian"",""Gluten-Free"",""Egg-Free"",""Peanut-Free"",""Tree-Nut-Free"",""Soy-Free"",""Fish-Free"",""Shellfish-Free""]","[""Sulfites""]","[""italian""]","[""snack""]","[""biscuits and cookies""]"
Vegetarian Curry,recipes.sparkpeople.com,https://recipes.sparkpeople.com/recipe-detail.asp?recipe=2362189,8,1237.678386682863,https://datahive-prod-dataset-products.s3.eu-central-1.amazonaws.com/dataset/346/01a529ece52fbddbeb3b58b971e2ad69fbc605511033e6e9c30596fc38d8f29a/21109919.jpg,[],"[""Vegan"",""Vegetarian"",""Dairy-Free"",""Gluten-Free"",""Egg-Free"",""Peanut-Free"",""Tree-Nut-Free"",""Fish-Free"",""Shellfish-Free""]","[""Gluten"",""Wheat"",""Tree-Nuts"",""Sulfites"",""FODMAP""]","[""south east asian""]","[""lunch/dinner""]","[""main course""]"
20-Minute Grilled Pizza with Smoked Salmon and Mixed Greens,Food Network,https://www.foodnetwork.com/recipes/food-network-kitchen/20-minute-grilled-pizza-with-smoked-salmon-and-mixed-greens-3362670,4,2817.584794451882,https://datahive-prod-dataset-products.s3.eu-central-1.amazonaws.com/dataset/346/01a5a13ae6442e5074dca5f8ed4587fa2b4e5b9a9b6277e33883fee576f980df/21131707.jpg,[],"[""Egg-Free"",""Peanut-Free"",""Tree-Nut-Free"",""Soy-Free"",""Shellfish-Free""]","[""Sulfites""]","[""italian""]","[""lunch/dinner""]","[""salad""]"
Garlic Miso Chicken Wings,justonecookbook.com,http://justonecookbook.com/recipes/garlic-miso-chicken-wings/,2,652.3140000000001,https://datahive-prod-dataset-products.s3.eu-central-1.amazonaws.com/dataset/346/01a9093d36d73c8bd5324ac196c9e127df750bbd0bc0707258e51eb6a4e01959/21105002.jpg,"[""Low-Carb""]","[""Dairy-Free"",""Egg-Free"",""Peanut-Free"",""Tree-Nut-Free"",""Fish-Free"",""Shellfish-Free""]","[""Gluten"",""Wheat"",""Sulfites""]","[""japanese""]","[""lunch/dinner""]","[""main course""]"
Chinese Plum Sauce Recipe,Serious Eats,http://www.seriouseats.com/recipes/2010/07/chinese-plum-sauce-recipe.html,6,924.2674804000002,https://datahive-prod-dataset-products.s3.eu-central-1.amazonaws.com/dataset/346/01aaa01e9135eef3ea509156d3420df4eeb244d1a15a5947cb72abcbaf14f172/20949477.jpg,"[""Low-Fat""]","[""Vegan"",""Vegetarian"",""Dairy-Free"",""Egg-Free"",""Peanut-Free"",""Tree-Nut-Free"",""Fish-Free"",""Shellfish-Free""]","[""Sulfites""]","[""chinese""]","[""lunch/dinner""]","[""condiments and sauces""]"
Pumpkin Overnight Oats,lifemadesweeter.com,https://lifemadesweeter.com/pumpkin-overnight-oats/,1,391.5787500019035,https://datahive-prod-dataset-products.s3.eu-central-1.amazonaws.com/dataset/346/01b00c6fc92474beb754037ecd966910a0f03554c54d7655a1fe30d286c7cfc1/21126931.jpg,"[""Balanced"",""High-Fiber"",""Low-Sodium""]","[""Vegetarian"",""Egg-Free"",""Peanut-Free"",""Soy-Free"",""Fish-Free"",""Shellfish-Free""]","[""Sulfites""]","[""american""]","[""breakfast""]","[""cereals""]"
Mushroom Risotto,tastykitchen.com,https://tastykitchen.com/recipes/sidedishes/mushroom-risotto-3/,4,2903.319406,https://datahive-prod-dataset-products.s3.eu-central-1.amazonaws.com/dataset/346/01b0683c6cf0ecbe9f4a73ba8d3687ff5266d2917a74c038c986fb525b3a16b0/21059300.jpg,"[""Balanced"",""High-Fiber""]","[""Gluten-Free"",""Egg-Free"",""Peanut-Free"",""Tree-Nut-Free"",""Soy-Free"",""Fish-Free"",""Shellfish-Free""]","[""Sulfites""]","[""italian""]","[""lunch/dinner""]","[""main course""]"
Orange Creamsicle Mimosas,cafedelites.com,https://cafedelites.com/orange-creamsicle-mimosas,6,1048.524406922023,https://datahive-prod-dataset-products.s3.eu-central-1.amazonaws.com/dataset/346/01b19b3b6991c3e7ab08cfcc1cffe0bcb1f0d88ec166bc80c4ec3177120aaf7d/21080371.jpg,"[""Low-Fat"",""Low-Sodium""]","[""Vegetarian"",""Gluten-Free"",""Egg-Free"",""Peanut-Free"",""Tree-Nut-Free"",""Soy-Free"",""Fish-Free"",""Shellfish-Free""]","[""Sulfites"",""FODMAP""]","[""world""]","[""lunch/dinner""]","[""alcohol cocktail""]"
Old Fashioned Bread Stuffing,Chez Us,http://chezus.com/2012/11/20/old-fashioned-bread-stuffing/,10,2570.363607,https://datahive-prod-dataset-products.s3.eu-central-1.amazonaws.com/dataset/346/01b3b1724f906b48dced76c2d3e9cf2f83edd100534550423e8fdb070f1c8a26/21046460.jpg,[],"[""Peanut-Free"",""Tree-Nut-Free"",""Soy-Free"",""Fish-Free"",""Shellfish-Free""]","[""Sulfites""]","[""american""]","[""lunch/dinner""]","[""bread""]"
Mashed Potato Gnocchi,Food52,https://food52.com/recipes/32807-mashed-potato-gnocchi,4,1682.498,https://datahive-prod-dataset-products.s3.eu-central-1.amazonaws.com/dataset/346/01b55366b74912a3c0f5199dcd02822bdef00f7e35bf84702899ee81dfa85c92/20986917.jpg,[],"[""Vegetarian"",""Peanut-Free"",""Tree-Nut-Free"",""Soy-Free"",""Fish-Free"",""Shellfish-Free""]","[""Soy"",""FODMAP""]","[""italian""]","[""lunch/dinner""]","[""main course""]"
Rotisserie Chicken Larb + Peanut-y Farro Salad,Food52,https://food52.com/recipes/89678-rotisserie-chicken-larb-peanut-y-farro-salad,4,1632.047499999801,https://datahive-prod-dataset-products.s3.eu-central-1.amazonaws.com/dataset/346/01b729889d7d2a016a37391fece07d690aeadc006bb1e9df86d510137a139230/21058681.jpg,"[""High-Fiber""]","[""Dairy-Free"",""Egg-Free"",""Tree-Nut-Free"",""Shellfish-Free""]","[""Shellfish"",""Sulfites"",""FODMAP""]","[""south east asian""]","[""lunch/dinner""]","[""salad""]"
"Corn, Spinach and Tomato Medley",Food52,https://food52.com/recipes/14974-corn-spinach-and-tomato-medley,6,620.2757656248192,https://datahive-prod-dataset-products.s3.eu-central-1.amazonaws.com/dataset/346/01b7c43023b1c3bc1d190bbc86675b76f7feeac2e38b712c9b37ecb5bb97eff5/20983009.jpg,"[""Balanced""]","[""Dairy-Free"",""Egg-Free"",""Peanut-Free"",""Tree-Nut-Free"",""Soy-Free"",""Shellfish-Free""]","[""Sulfites""]","[""eastern europe""]","[""lunch/dinner""]","[""main course""]"
Cream Cheese Kolache Filling,Food & Wine,https://www.foodandwine.com/recipes/cream-cheese-kolache-filling,6,1039.746564166667,https://datahive-prod-dataset-products.s3.eu-central-1.amazonaws.com/dataset/346/01badcd50f3a213523e91e007d93ae0ed95ac4d3908643810f9893f6fe0f6c26/21064895.jpg,"[""Low-Sodium""]","[""Vegetarian"",""Gluten-Free"",""Peanut-Free"",""Tree-Nut-Free"",""Soy-Free"",""Fish-Free"",""Shellfish-Free""]","[""Sulfites""]","[""american""]","[""snack""]","[""condiments and sauces""]"
Chicken noodle stir fry,legenrecipes.com,https://legenrecipes.com/recipe/chicken-noodle-stir-fry/,10,2485.9525,https://datahive-prod-dataset-products.s3.eu-central-1.amazonaws.com/dataset/346/01bd87b21629698393cf152e748d36c372608fe7670db6e88a02924eb9e9d271/21116193.jpg,"[""Low-Fat"",""Low-Sodium""]","[""Dairy-Free"",""Peanut-Free"",""Tree-Nut-Free"",""Soy-Free"",""Fish-Free"",""Shellfish-Free""]",[],"[""asian""]","[""lunch/dinner""]","[""main course""]"
Peppermint Bark Chocolate Cookies,Simply Recipes,http://simplyrecipes.com/recipes/peppermint_bark_chocolate_cookies/,14,3667.339,https://datahive-prod-dataset-products.s3.eu-central-1.amazonaws.com/dataset/346/01bdd88bc29ad2c69651cbe31c5b8d43ce23bdc910fbece61182962f6aa06edb/21028892.jpg,"[""Low-Sodium""]","[""Vegetarian"",""Peanut-Free"",""Tree-Nut-Free"",""Soy-Free"",""Fish-Free"",""Shellfish-Free""]","[""Sulfites""]","[""american""]","[""snack""]","[""biscuits and cookies""]"
Lemon Orzo Pasta Salad recipes,ohsweetbasil.com,http://www.ohsweetbasil.com/lemon-orzo-pasta-salad-recipe,9,3000.774929320569,https://datahive-prod-dataset-products.s3.eu-central-1.amazonaws.com/dataset/346/01be310c9de108049c8477b0d5cedbdb339b3cb65de688f9da6a47aa17547e8e/21133633.jpeg,"[""Balanced"",""High-Fiber""]","[""Vegan"",""Vegetarian"",""Dairy-Free"",""Egg-Free"",""Peanut-Free"",""Soy-Free"",""Fish-Free"",""Shellfish-Free""]","[""Sulfites""]","[""italian""]","[""lunch/dinner""]","[""salad""]"
Smoothie with Fruit and Veggies recipes,beyondthechickencoop.com,http://www.beyondthechickencoop.com/smoothie-with-fruit-and-veggies/,2,344.043,https://datahive-prod-dataset-products.s3.eu-central-1.amazonaws.com/dataset/346/01be35e80ee109679b1e21bac20e5094c735e24eeaac1c43ee5f217d03382c41/21109356.jpeg,"[""High-Fiber"",""Low-Sodium""]","[""Vegetarian"",""Gluten-Free"",""Egg-Free"",""Peanut-Free"",""Tree-Nut-Free"",""Soy-Free"",""Fish-Free"",""Shellfish-Free""]","[""Sulfites""]","[""american""]","[""breakfast""]","[""drinks""]"
Bananas Foster Nice Cream,tastykitchen.com,https://tastykitchen.com/recipes/desserts/bananas-foster-nice-cream/,4,363.6191666666666,https://datahive-prod-dataset-products.s3.eu-central-1.amazonaws.com/dataset/346/01bf6b86575e85f00880038a5c0bedf929428632a5ff310ff61ef36fb7a8ab48/21109328.jpg,"[""Low-Fat"",""Low-Sodium""]","[""Vegetarian"",""Gluten-Free"",""Egg-Free"",""Peanut-Free"",""Soy-Free"",""Fish-Free"",""Shellfish-Free""]","[""Sulfites""]","[""american""]","[""breakfast""]","[""desserts""]"
Light Potato Soup,danagiltner.com,http://www.danagiltner.com/2015/01/light-potato-soup/,4,962.5286354166718,https://datahive-prod-dataset-products.s3.eu-central-1.amazonaws.com/dataset/346/01c1237ac27104e03a3f12e419d2513a28389b670e20583ce203138d96f2e52b/21050194.jpg,"[""Balanced""]","[""Egg-Free"",""Peanut-Free"",""Tree-Nut-Free"",""Soy-Free"",""Fish-Free"",""Shellfish-Free""]","[""Gluten"",""Wheat"",""Sulfites""]","[""mediterranean""]","[""lunch/dinner""]","[""soup""]"
5-Minute Berry Nana Ice Cream. Vegan Recipe,crazy-cucumber.com,http://www.crazy-cucumber.com/5-minute-berry-nana-ice-cream-vegan-recipe/,4,550.56,https://datahive-prod-dataset-products.s3.eu-central-1.amazonaws.com/dataset/346/01c379369f5424f24a861e937a37bdff9b66335ef5911207e06db8e5f01dead9/21094655.jpg,"[""Low-Fat"",""Low-Sodium""]","[""Vegan"",""Vegetarian"",""Dairy-Free"",""Gluten-Free"",""Egg-Free"",""Peanut-Free"",""Tree-Nut-Free"",""Soy-Free"",""Fish-Free"",""Shellfish-Free""]","[""Sulfites""]","[""american""]","[""snack""]","[""desserts""]"
Oven-Fried Chicken,food.com,http://www.food.com/recipe/oven-fried-chicken-291839,6,2535.098416666667,https://datahive-prod-dataset-products.s3.eu-central-1.amazonaws.com/dataset/346/01c4629b02b82877913a98db7202f1ddaccee88adffd2784e8c4a94e19b37a61/21134526.jpg,"[""High-Protein"",""Low-Carb""]","[""Peanut-Free"",""Tree-Nut-Free"",""Soy-Free"",""Fish-Free"",""Shellfish-Free""]","[""Gluten"",""Wheat"",""Sulfites""]","[""american""]","[""lunch/dinner""]","[""main course""]"
Special Summer Berry Medley Recipe,recipeofhealth.com,http://recipeofhealth.com/recipe/special-summer-berry-medley-739388rb,12,1047.145,https://datahive-prod-dataset-products.s3.eu-central-1.amazonaws.com/dataset/346/01c576c87106674ee610dc59c20df2ebaf73c9543eef39b3605a337f2446f484/21094838.jpg,"[""Low-Fat"",""Low-Sodium""]","[""Vegan"",""Vegetarian"",""Dairy-Free"",""Gluten-Free"",""Egg-Free"",""Peanut-Free"",""Tree-Nut-Free"",""Soy-Free"",""Fish-Free"",""Shellfish-Free""]","[""Sulfites""]","[""american""]","[""lunch/dinner""]","[""salad""]"
Saffron Cucumber Pickles,Food & Wine,http://www.foodandwine.com/recipes/saffron-cucumber-pickles,4,755.7843797,https://datahive-prod-dataset-products.s3.eu-central-1.amazonaws.com/dataset/346/01c778e90cf887a9122ab46585f7f9e246cb30c6119b34e5c0c6d701c1a58f9e/21013492.jpg,"[""Low-Fat""]","[""Vegan"",""Vegetarian"",""Dairy-Free"",""Gluten-Free"",""Egg-Free"",""Peanut-Free"",""Tree-Nut-Free"",""Soy-Free"",""Fish-Free"",""Shellfish-Free""]",[],"[""indian""]","[""lunch/dinner""]","[""condiments and sauces""]"
Japanese Fruit Pie,Allrecipes,https://www.allrecipes.com/recipe/17020/japanese-fruit-pie,8,3347.153737997293,https://datahive-prod-dataset-products.s3.eu-central-1.amazonaws.com/dataset/346/01c8c111c07cda0253dd69598bcf581cbabcc7189207f5ca32fc174f3c7d1d34/21073022.jpg,"[""Low-Sodium""]","[""Vegetarian"",""Peanut-Free"",""Soy-Free"",""Fish-Free"",""Shellfish-Free""]","[""Tree-Nuts"",""Sulfites""]","[""american"",""japanese""]","[""lunch/dinner""]","[""desserts""]"
Tortilla Soup,tastykitchen.com,https://tastykitchen.com/recipes/soups/tortilla-soup-7/,6,2197.858115,https://datahive-prod-dataset-products.s3.eu-central-1.amazonaws.com/dataset/346/01cc10bebb35b92ab8780683f399025138d44725ccad95434a8624d66036023c/21115211.jpg,"[""High-Fiber""]","[""Gluten-Free"",""Egg-Free"",""Peanut-Free"",""Tree-Nut-Free"",""Soy-Free"",""Fish-Free"",""Shellfish-Free""]","[""Sulfites""]","[""mexican""]","[""lunch/dinner""]","[""soup""]"
Roasted Rosemary Fingerling Potatoes,McCormick,http://www.mccormick.com/Gourmet/Recipes/Salads-Sides/Roasted-Rosemary-Fingerling-Potatoes,6,950.2099998000001,https://datahive-prod-dataset-products.s3.eu-central-1.amazonaws.com/dataset/346/01cc5aadc4a0f2a8610d85c4d084b5ed30498411452c7fd933b15cb8924b8b3c/21122956.jpg,[],"[""Vegan"",""Vegetarian"",""Dairy-Free"",""Gluten-Free"",""Egg-Free"",""Peanut-Free"",""Tree-Nut-Free"",""Soy-Free"",""Fish-Free"",""Shellfish-Free""]",[],"[""mediterranean""]","[""lunch/dinner""]","[""starter""]"
Snickers Blondies,Good Housekeeping,https://www.goodhousekeeping.com/food-recipes/a14117/snickers-blondies-recipe-123648,16,2575.064,https://datahive-prod-dataset-products.s3.eu-central-1.amazonaws.com/dataset/346/01ccda7d51aa541fe654497a6b4dd00736b3a15ddeccb79d89474e5255fec959/21117915.jpg,"[""Low-Sodium""]","[""Vegetarian"",""Tree-Nut-Free"",""Fish-Free"",""Shellfish-Free""]","[""Sulfites""]","[""american""]","[""snack""]","[""desserts""]"
Dutch Oven Cobbler,Food Network,https://www.foodnetwork.com/recipes/dutch-oven-cobbler-recipe-1943019,8,4402.872,https://datahive-prod-dataset-products.s3.eu-central-1.amazonaws.com/dataset/346/01cec104a29f7de688689f4eaef9892db8253b0fb5995d7319710ed52fddeee8/21119196.jpg,[],"[""Vegetarian"",""Egg-Free"",""Peanut-Free"",""Tree-Nut-Free"",""Soy-Free"",""Fish-Free"",""Shellfish-Free""]","[""Sulfites""]","[""american"",""central europe""]","[""lunch/dinner""]","[""desserts""]"
Avocado-Alfalfa Turkey Burger,Epicurious,https://www.epicurious.com/recipes/food/views/avocado-alfalfa-turkey-burger-51196220,4,2258.382965838503,https://datahive-prod-dataset-products.s3.eu-central-1.amazonaws.com/dataset/346/01cfa3263203223e34076bb7fbba4587323d2537cabc85f6f5ef776e3a0f96e6/21022507.jpg,"[""High-Fiber""]","[""Egg-Free"",""Peanut-Free"",""Tree-Nut-Free"",""Fish-Free"",""Shellfish-Free""]","[""Sulfites""]","[""american""]","[""lunch/dinner""]","[""sandwiches""]"
Chocolate-Sunflower Butter Protein Smoothie,Allrecipes,https://www.allrecipes.com/recipe/270037/chocolate-sunflower-butter-protein-smoothie,1,416.2100000004144,https://datahive-prod-dataset-products.s3.eu-central-1.amazonaws.com/dataset/346/01d11769bb693ede148d1375d8aff005e9a08e8b81c508a6924f161d5e6470fe/21102340.jpg,"[""High-Fiber"",""Low-Carb""]","[""Vegan"",""Vegetarian"",""Dairy-Free"",""Gluten-Free"",""Egg-Free"",""Peanut-Free"",""Fish-Free"",""Shellfish-Free""]","[""Sulfites""]","[""american""]","[""breakfast""]","[""drinks""]"
Recipe: Baked Parmesan-Crusted Chicken,The Kitchn,https://www.thekitchn.com/recipe-baked-parmesan-crusted-chicken-248131,12,3042.762492400013,https://datahive-prod-dataset-products.s3.eu-central-1.amazonaws.com/dataset/346/01d2a27da10ffc4fcb854519bd37b0d87186174096dec636908c355c5a472888/20997123.jpg,"[""Low-Carb""]","[""Peanut-Free"",""Tree-Nut-Free"",""Fish-Free"",""Shellfish-Free""]","[""Sulfites""]","[""mediterranean""]","[""lunch/dinner""]","[""main course""]"
Mustard Chicken Marinade,heatherdisarro.com,https://www.heatherdisarro.com/mustard-chicken-marinade,6,1542.221134166667,https://datahive-prod-dataset-products.s3.eu-central-1.amazonaws.com/dataset/346/01d42011787b6f61b8e8012a48d703cf0cd35991736739d0b6d947e917d451ce/21117891.jpg,"[""Low-Carb""]","[""Vegan"",""Vegetarian"",""Paleo"",""Dairy-Free"",""Gluten-Free"",""Egg-Free"",""Peanut-Free"",""Tree-Nut-Free"",""Soy-Free"",""Fish-Free"",""Shellfish-Free""]",[],"[""american""]","[""lunch/dinner""]","[""condiments and sauces""]"
Sous Vide Salmon with Cucumbers,Food & Wine,https://www.foodandwine.com/recipes/sous-vide-salmon-cucumbers,4,1964.594131,https://datahive-prod-dataset-products.s3.eu-central-1.amazonaws.com/dataset/346/01d434e4c7ddd3b827f1b4857624aa07e9d9395f4b807296d2b63eea8e17a928/21047871.jpg,"[""Low-Carb""]","[""Gluten-Free"",""Egg-Free"",""Peanut-Free"",""Tree-Nut-Free"",""Soy-Free"",""Shellfish-Free""]","[""Sulfites""]","[""nordic""]","[""lunch/dinner""]","[""main course""]"
FESTIVE STUFFED PEPPERS,justapinch.com,https://www.justapinch.com/recipes/side/vegetable/festive-stuffed-peppers.html,6,1744.078951,https://datahive-prod-dataset-products.s3.eu-central-1.amazonaws.com/dataset/346/01d4d46a0e823e99304615abe268bbc72750e1b315e0e7b44b3c48322ee841da/21004552.jpeg,"[""Balanced""]","[""Vegetarian"",""Gluten-Free"",""Egg-Free"",""Peanut-Free"",""Tree-Nut-Free"",""Soy-Free"",""Fish-Free"",""Shellfish-Free""]","[""Sulfites""]","[""american""]","[""lunch/dinner""]","[""main course""]"
Our Basic KC Barbecue Sauce,Cookstr,http://www.cookstr.com/recipes/our-basic-kc-barbecue-sauce,6,1555.704117,https://datahive-prod-dataset-products.s3.eu-central-1.amazonaws.com/dataset/346/01d566cf7ead2996c8357ecaea0950b9e55ae36d2d9db98c551ab055a8ba58bd/21072893.jpg,[],"[""Dairy-Free"",""Egg-Free"",""Peanut-Free"",""Tree-Nut-Free"",""Shellfish-Free""]","[""Sulfites""]","[""american""]","[""lunch/dinner""]","[""condiments and sauces""]"
Peppermint Chiller,justapinch.com,https://www.justapinch.com/recipes/drink/drink-cocktail/peppermint-chiller.html,6,2116.16,https://datahive-prod-dataset-products.s3.eu-central-1.amazonaws.com/dataset/346/01db10fc5e3e08e2ccc8c85f751b6884f5d142be47a80307396c233ebe54ce02/21097295.jpeg,"[""Low-Fat"",""Low-Sodium""]","[""Vegan"",""Vegetarian"",""Dairy-Free"",""Egg-Free"",""Peanut-Free"",""Tree-Nut-Free"",""Soy-Free"",""Fish-Free"",""Shellfish-Free""]","[""Sulfites"",""FODMAP""]","[""indian""]","[""lunch/dinner""]","[""drinks""]"
Leap Year Cocktail Recipe,Serious Eats,https://www.seriouseats.com/leap-year-cocktail-recipe,1,193.7670346103671,https://datahive-prod-dataset-products.s3.eu-central-1.amazonaws.com/dataset/346/01dcb0d7cfffc4acb221d84fe3ddbcf4ed2c2d70a621667d4a3671cb487bacbc/20948383.jpg,"[""Low-Fat"",""Low-Sodium""]",[],"[""Sulfites""]","[""world""]","[""lunch/dinner""]","[""alcohol cocktail""]"
Coconut Cookies,Epicurious,https://www.epicurious.com/recipes/food/views/coconut-cookies-108918,48,786.167562,https://datahive-prod-dataset-products.s3.eu-central-1.amazonaws.com/dataset/346/01dd9f61584f91756b374f425ba5019e5c28cb4d836839739dc35adbfc6a0409/20983892.jpg,"[""Low-Sodium""]","[""Vegetarian"",""Peanut-Free"",""Tree-Nut-Free"",""Soy-Free"",""Fish-Free"",""Shellfish-Free""]","[""Tree-Nuts"",""Sulfites""]","[""american""]","[""snack""]","[""biscuits and cookies""]"
Smokin' Jalapeno Poppers,recipezazz.com,https://www.recipezazz.com/recipe/smokin-jalapeno-poppers-21684,18,5098.883854,https://datahive-prod-dataset-products.s3.eu-central-1.amazonaws.com/dataset/346/01df8f50f8905dbece222cc81b0ae5a39b376b34f9f68093a46b0aedaa6bc0a7/21130065.jpg,"[""Low-Carb""]","[""Gluten-Free"",""Egg-Free"",""Peanut-Free"",""Tree-Nut-Free"",""Soy-Free"",""Fish-Free"",""Shellfish-Free""]","[""Sulfites""]","[""mexican""]","[""snack""]","[""main course""]"
Sour Cream Cookies,BigOven,https://www.bigoven.com/recipe/sour-cream-cookies/666646,48,3827.556,https://datahive-prod-dataset-products.s3.eu-central-1.amazonaws.com/dataset/346/01e2b97527eb806a328592fa5f942e8de5bba8c82a59a859127c1e4fea129136/21125734.jpg,"[""Low-Sodium""]","[""Vegetarian"",""Gluten-Free"",""Peanut-Free"",""Tree-Nut-Free"",""Soy-Free"",""Fish-Free"",""Shellfish-Free""]",[],"[""american""]","[""snack""]","[""biscuits and cookies""]"
Artichoke Dip,BigOven,http://www.bigoven.com/recipe/Artichoke-Dip/209551,4,2341.33981,https://datahive-prod-dataset-products.s3.eu-central-1.amazonaws.com/dataset/346/01e80295f027d36b9eae0f7aec876c46628fab60ff6bec121559c480ca4b8e31/21102109.jpg,"[""Low-Carb""]","[""Vegetarian"",""Gluten-Free"",""Peanut-Free"",""Tree-Nut-Free"",""Soy-Free"",""Fish-Free"",""Shellfish-Free""]","[""Sulfites""]","[""mediterranean""]","[""snack""]","[""condiments and sauces""]"
Carrot and Apple Tzimmes,The Daily Meal,http://www.thedailymeal.com/carrot-and-apple-tzimmes-recipe,6,705.7314779564026,https://datahive-prod-dataset-products.s3.eu-central-1.amazonaws.com/dataset/346/01e9e4f433efa193c59274d02e60067073e1d499cafc6086186e5bb72a509bd2/21127349.jpg,[],"[""Vegetarian"",""Gluten-Free"",""Egg-Free"",""Peanut-Free"",""Tree-Nut-Free"",""Soy-Free"",""Fish-Free"",""Shellfish-Free""]","[""Sulfites"",""FODMAP""]","[""kosher""]","[""lunch/dinner""]","[""desserts""]"
Aebleskiver,Spectacularly Delicious,http://spectacularlydelicious.com/2009/10/11/aebleskiver/,35,1695.063633340328,https://datahive-prod-dataset-products.s3.eu-central-1.amazonaws.com/dataset/346/01ebdd1c17496565b2a6e57c5e1600c19e0b0bb5092eab4031eef6f55d90575d/21133616.jpg,"[""Balanced"",""Low-Sodium""]","[""Vegetarian"",""Peanut-Free"",""Tree-Nut-Free"",""Soy-Free"",""Fish-Free"",""Shellfish-Free""]","[""Sulfites""]","[""nordic""]","[""breakfast""]","[""bread""]"
Holiday Lettuce Salad Recipe 5,Taste of Home,http://www.tasteofhome.com/Recipes/Holiday-Lettuce-Salad,14,2135.944503525101,https://datahive-prod-dataset-products.s3.eu-central-1.amazonaws.com/dataset/346/01eda4dbcd89521d99ff64991170c3359ab0ab30b5dcc19a406012a62f81dc2f/21111084.jpg,"[""Low-Sodium""]","[""Vegetarian"",""Gluten-Free"",""Egg-Free"",""Peanut-Free"",""Soy-Free"",""Fish-Free"",""Shellfish-Free""]","[""Sulfites""]","[""mexican""]","[""lunch/dinner""]","[""salad""]"
Avocado Brownie,tastykitchen.com,https://tastykitchen.com/recipes/desserts/avocado-brownie/,4,1609.245999995837,https://datahive-prod-dataset-products.s3.eu-central-1.amazonaws.com/dataset/346/01f5214644e3132e2e6c11a614deaf8473fef38e51f6ff602c7c25171d934e95/21131824.jpg,"[""High-Fiber""]","[""Vegetarian"",""Dairy-Free"",""Peanut-Free"",""Soy-Free"",""Fish-Free"",""Shellfish-Free""]","[""Sulfites""]","[""french""]","[""snack""]","[""desserts""]"
Reese’s Shortbread Bars recipes,asavoryfeast.com,http://www.asavoryfeast.com/reeses-shortbread-bars/,4,6347.465802174999,https://datahive-prod-dataset-products.s3.eu-central-1.amazonaws.com/dataset/346/01f59044ea713657fe70200ced72f47af59a695fcc6b50b0ae81a9d3620b2553/21097119.jpeg,"[""High-Fiber""]","[""Vegetarian"",""Egg-Free"",""Tree-Nut-Free"",""Soy-Free"",""Fish-Free"",""Shellfish-Free""]","[""Soy"",""Sulfites""]","[""american""]","[""snack""]","[""desserts""]"
Grapefruit Veggie Lime Juice [No Sugar Add,sugarfreemom.com,http://www.sugarfreemom.com/recipes/grapefruit-veggie-lime-juice-no-sugar-added/,2,155.51,https://datahive-prod-dataset-products.s3.eu-central-1.amazonaws.com/dataset/346/01f679da895e17560db8b5ca039e48498a763b3ddb6d01f47eabf31af8f67a8f/21077039.jpg,"[""Low-Fat"",""Low-Sodium""]","[""Vegan"",""Vegetarian"",""Paleo"",""Dairy-Free"",""Gluten-Free"",""Egg-Free"",""Peanut-Free"",""Tree-Nut-Free"",""Soy-Free"",""Fish-Free"",""Shellfish-Free""]","[""Sulfites""]","[""american""]","[""snack""]","[""drinks""]"
Salmon Mexican mess bowl,kitchen.nine.com.au,https://kitchen.nine.com.au/healthy/salmon-mexican-mess-bowl/77abcf30-7ea6-4997-b2e9-ddda2836aa96,4,2752.975,https://datahive-prod-dataset-products.s3.eu-central-1.amazonaws.com/dataset/346/01f910054801708d120b6778c271fc58846bb42d1aee5f05a01a57601d26f517/21101452.jpg,"[""High-Fiber"",""Low-Sodium""]","[""Gluten-Free"",""Egg-Free"",""Peanut-Free"",""Tree-Nut-Free"",""Soy-Free"",""Shellfish-Free""]","[""Sulfites""]","[""mexican"",""nordic""]","[""lunch/dinner""]","[""main course""]"
Layered Southwestern Cornbread Salad,foxeslovelemons.com,https://foxeslovelemons.com/layered-southwestern-cornbread-salad,10,8039.571941934029,https://datahive-prod-dataset-products.s3.eu-central-1.amazonaws.com/dataset/346/01facc52edf2581d1c0865b3158326dad7c9e599d8a3219a304737615cd7be29/21133361.jpg,"[""Balanced"",""High-Fiber""]","[""Peanut-Free"",""Tree-Nut-Free"",""Soy-Free"",""Fish-Free"",""Shellfish-Free""]","[""Sulfites""]","[""american""]","[""lunch/dinner""]","[""salad""]"
Cal's Nutri-Bomb Green Smoothie,food.com,http://www.food.com/recipe/cals-nutri-bomb-green-smoothie-518993,4,688.7318452379982,https://datahive-prod-dataset-products.s3.eu-central-1.amazonaws.com/dataset/346/01fc95deb9e618765fe6f396309b27cd83eaaca4506e98c2882ccfaf679ee998/21097515.jpg,"[""Balanced"",""High-Fiber"",""Low-Sodium""]","[""Vegan"",""Vegetarian"",""Dairy-Free"",""Gluten-Free"",""Egg-Free"",""Peanut-Free"",""Tree-Nut-Free"",""Soy-Free"",""Fish-Free"",""Shellfish-Free""]","[""Sulfites""]","[""american""]","[""breakfast""]","[""drinks""]"
Roasted vegetable baguettes,kitchen.nine.com.au,https://kitchen.nine.com.au/recipes/roasted-vegetable-baguettes/dd21a8be-f7f6-4ea0-936c-5c196fd54d9e,2,2071.065,https://datahive-prod-dataset-products.s3.eu-central-1.amazonaws.com/dataset/346/01fce0ce1ca645da30340e848e1ef7c2b8a6a72c5ecb873d12a9556440c9f207/21105369.jpg,"[""High-Fiber""]","[""Vegetarian"",""Egg-Free"",""Peanut-Free"",""Tree-Nut-Free"",""Soy-Free"",""Fish-Free"",""Shellfish-Free""]","[""Sulfites""]","[""french""]","[""lunch/dinner""]","[""main course""]"
Perfect Brown Rice Recipe,Martha Stewart,https://www.marthastewart.com/924877/master-recipe-brown-rice,4,687.8000000000001,https://datahive-prod-dataset-products.s3.eu-central-1.amazonaws.com/dataset/346/01fde71da9c5f3264742ab00cf516a23b8403796ea669af9088d9f8ac233f771/20954758.jpg,"[""Low-Fat"",""Low-Sodium""]","[""Low Sugar"",""Vegan"",""Vegetarian"",""Dairy-Free"",""Gluten-Free"",""Egg-Free"",""Peanut-Free"",""Tree-Nut-Free"",""Soy-Free"",""Fish-Free"",""Shellfish-Free""]",[],"[""chinese""]","[""lunch/dinner""]","[""main course""]"
Apple Cinnamon Turnovers,BigOven,https://www.bigoven.com/recipe/apple-cinnamon-turnovers/722748,8,973.7725206713571,https://datahive-prod-dataset-products.s3.eu-central-1.amazonaws.com/dataset/346/01fdec6416ba653b00a640841921d7c60e4d3e6d0851d2f3dfa5bfed017216d1/21128798.jpg,[],"[""Vegetarian"",""Egg-Free"",""Peanut-Free"",""Tree-Nut-Free"",""Soy-Free"",""Fish-Free"",""Shellfish-Free""]","[""Sulfites""]","[""middle eastern""]","[""breakfast""]","[""desserts""]"
Shtetl Toast,Saveur,https://www.saveur.com/gribenes-chicken-skin-shtetl-toast-recipe/,4,4776.567387779689,https://datahive-prod-dataset-products.s3.eu-central-1.amazonaws.com/dataset/346/01fe0ab0056881295842fb69ca7d2fdc4ed517f0786f665470181e4332debc05/20970153.jpg,"[""Low-Carb""]","[""Dairy-Free"",""Egg-Free"",""Peanut-Free"",""Tree-Nut-Free"",""Soy-Free"",""Fish-Free"",""Shellfish-Free""]","[""Sulfites""]","[""south american""]","[""lunch/dinner""]","[""main course""]"
Melon (Filipino Cantaloupe Juice) Recipe,Serious Eats,https://www.seriouseats.com/melon-filipino-cantaloupe-juice,16,808.2159269625001,https://datahive-prod-dataset-products.s3.eu-central-1.amazonaws.com/dataset/346/01ff9c37202f091097a09e481156effed7fa0ac71b78b59e301031825a191831/20948353.jpg,"[""Low-Fat"",""Low-Sodium""]","[""Vegetarian"",""Gluten-Free"",""Egg-Free"",""Peanut-Free"",""Tree-Nut-Free"",""Soy-Free"",""Fish-Free"",""Shellfish-Free""]","[""Sulfites""]","[""asian"",""american""]","[""lunch/dinner""]","[""drinks""]"
Tomato Toast with Chives and Sesame Seeds,Bon Appetit,https://www.bonappetit.com/recipe/tomato-toast-with-chives-and-sesame-seeds,4,1325.299230001785,https://datahive-prod-dataset-products.s3.eu-central-1.amazonaws.com/dataset/346/0200483dfafd44134ec57fde2f7f7d6bc865dd2f41c957b44f7e21afacb79efa/21037240.jpg,[],"[""Vegetarian"",""Dairy-Free"",""Peanut-Free"",""Tree-Nut-Free"",""Soy-Free"",""Fish-Free"",""Shellfish-Free""]","[""Sulfites""]","[""italian""]","[""lunch/dinner""]","[""main course""]"
Low Carb Weeknight Chicken Parm,Food52,https://food52.com/recipes/74088-low-carb-weeknight-chicken-parm,4,2236.995455996963,https://datahive-prod-dataset-products.s3.eu-central-1.amazonaws.com/dataset/346/020146d2158a4efa0ab1b4050c1236789a5fd6fbbbdddeb60748bf1c3f97b28a/20997155.jpg,"[""Low-Carb""]","[""Gluten-Free"",""Egg-Free"",""Peanut-Free"",""Tree-Nut-Free"",""Soy-Free"",""Fish-Free"",""Shellfish-Free""]","[""Sulfites""]","[""french""]","[""lunch/dinner""]","[""main course""]"
DIY Cheese Salad Bowls,coolcreativity.com,https://coolcreativity.com/food/diy-cheese-salad-bowls,8,1653.5165,https://datahive-prod-dataset-products.s3.eu-central-1.amazonaws.com/dataset/346/0204e721c704e05b9d757596cbd5c42fc65469ccdb15014130a0e47051bee104/21113598.jpg,"[""Low-Carb""]","[""Vegetarian"",""Egg-Free"",""Peanut-Free"",""Tree-Nut-Free"",""Soy-Free"",""Fish-Free"",""Shellfish-Free""]","[""Sulfites"",""FODMAP""]","[""south american""]","[""lunch/dinner""]","[""salad""]"
Tofu Hummus,Allrecipes,https://www.allrecipes.com/recipe/19771/tofu-hummus/,8,1298.474496,https://datahive-prod-dataset-products.s3.eu-central-1.amazonaws.com/dataset/346/0206275cbafad0549e9e97f8fa3b1faa5d36fb5cf2777765ffa79bb90e38b84b/21103407.jpg,"[""Balanced""]","[""Vegan"",""Vegetarian"",""Dairy-Free"",""Gluten-Free"",""Egg-Free"",""Tree-Nut-Free"",""Fish-Free"",""Shellfish-Free""]","[""Gluten"",""Wheat"",""Sulfites""]","[""asian""]","[""lunch/dinner""]","[""condiments and sauces""]"
"Ricotta, Pecorino and Parmesan Ravioli",Food Network,https://www.foodnetwork.com/recipes/jamie-oliver/ricotta-pecorino-and-parmesan-ravioli-recipe-1941467,4,2826.543499,https://datahive-prod-dataset-products.s3.eu-central-1.amazonaws.com/dataset/346/026c047af4f5b7f0364b00cced4641ec66d8f7dcb83fb7a0a45a14fdd8b5dfb6/21124199.jpg,"[""Balanced"",""High-Fiber""]","[""Peanut-Free"",""Tree-Nut-Free"",""Soy-Free"",""Fish-Free"",""Shellfish-Free""]","[""Sulfites""]","[""italian""]","[""lunch/dinner""]","[""main course""]"
Adult Cocktails,Food Network,https://www.foodnetwork.com/recipes/adult-cocktails-recipe-2121751,1,369.2947245569375,https://datahive-prod-dataset-products.s3.eu-central-1.amazonaws.com/dataset/346/026c047af4f5b7f0364b00cced4641ec66d8f7dcb83fb7a0a45a14fdd8b5dfb6/21124199.jpg,"[""Low-Fat"",""Low-Sodium""]",[],"[""Wheat"",""Sulfites""]","[""world""]","[""lunch/dinner""]","[""alcohol cocktail""]"
Potato Crisps With Chive-Sour Cream Dip,Food & Wine,http://www.foodandwine.com/recipes/potato-crisps-with-chive-sour-cream-dip,18,7128.196808596112,https://datahive-prod-dataset-products.s3.eu-central-1.amazonaws.com/dataset/346/0208bc6934ee7b8211eea60f50ebd4f3e4f0a72fea0ba0c5b0830098675d2f53/21043915.jpg,"[""Low-Carb""]","[""Vegetarian"",""Gluten-Free"",""Egg-Free"",""Peanut-Free"",""Tree-Nut-Free"",""Soy-Free"",""Fish-Free"",""Shellfish-Free""]","[""Sulfites""]","[""mediterranean""]","[""snack""]","[""starter""]"
Honeynut Squash Casserole with Sage Marshmallow Topping,EatingWell,https://www.eatingwell.com/recipe/7869454/honeynut-squash-casserole-with-sage-marshmallow-topping,16,3137.711664,https://datahive-prod-dataset-products.s3.eu-central-1.amazonaws.com/dataset/346/0208bcbbcd65ff837c3f4be7f4c858bb5001f2380117b870f03bab4af5340d19/21085095.jpg,[],"[""Vegetarian"",""Gluten-Free"",""Peanut-Free"",""Tree-Nut-Free"",""Soy-Free"",""Fish-Free"",""Shellfish-Free""]",[],"[""american""]","[""lunch/dinner""]","[""main course""]"
Beet And Potato Salad,Martha Stewart,http://www.marthastewart.com/313551/beet-and-potato-salad,6,2158.380602900356,https://datahive-prod-dataset-products.s3.eu-central-1.amazonaws.com/dataset/346/0208cc74e84f798634807aca7babf8ec2db0d9807e2928ecc7a2e498605aa657/21002925.jpg,"[""High-Fiber""]","[""Vegetarian"",""Peanut-Free"",""Tree-Nut-Free"",""Soy-Free"",""Fish-Free"",""Shellfish-Free""]","[""Sulfites""]","[""nordic""]","[""lunch/dinner""]","[""salad""]"
Candied Sweet Potatoes- Thanksgiving Side Dish recipes,thegraciouswife.com,http://www.thegraciouswife.com/candied-sweet-potatoes-thanksgiving-side-dish-recipe/,8,1517.256,https://datahive-prod-dataset-products.s3.eu-central-1.amazonaws.com/dataset/346/0208da0466b8218eba5f964cc31b28be17c55ed496ea5c312f5d1cab45da06aa/21133704.jpeg,"[""Low-Sodium""]","[""Vegetarian"",""Gluten-Free"",""Egg-Free"",""Peanut-Free"",""Tree-Nut-Free"",""Soy-Free"",""Fish-Free"",""Shellfish-Free""]",[],"[""american""]","[""lunch/dinner""]","[""special occasions"",""starter""]"
Linguine With Honey Sauced Prawns,food.com,http://www.food.com/recipe/linguine-with-honey-sauced-prawns-513928,2,1281.012825200016,https://datahive-prod-dataset-products.s3.eu-central-1.amazonaws.com/dataset/346/0208ebb3bcbab10817caff24ed256bd34a4e4b22f4c63b2abcb6c4b65ec2b25f/21085128.jpg,"[""Low-Fat""]","[""Dairy-Free"",""Egg-Free"",""Peanut-Free"",""Tree-Nut-Free"",""Soy-Free"",""Fish-Free""]","[""Sulfites""]","[""south east asian""]","[""lunch/dinner""]","[""main course""]"
Lime and Galangal Butter Sauce,Allrecipes,https://www.allrecipes.com/recipe/160591/lime-and-galangal-butter-sauce/,2,566.1097461665325,https://datahive-prod-dataset-products.s3.eu-central-1.amazonaws.com/dataset/346/020a23b7a8157e9ddcc73f6ac635782adcf2dfae23696711a91b765be54a8cac/21079901.jpg,[],"[""Vegetarian"",""Gluten-Free"",""Egg-Free"",""Peanut-Free"",""Tree-Nut-Free"",""Soy-Free"",""Fish-Free"",""Shellfish-Free""]","[""Sulfites""]","[""american""]","[""lunch/dinner""]","[""condiments and sauces""]"
Vanilla-Chocolate Sandwich Cookies,Food Network,https://www.foodnetwork.com/recipes/food-network-kitchen/vanilla-chocolate-sandwich-cookies-3361579,30,5843.855273248068,https://datahive-prod-dataset-products.s3.eu-central-1.amazonaws.com/dataset/346/020d33f8e3588210f0c24c1c4b09060ebd9cb0b86bc762e6dad0d04496b14705/21125273.jpg,"[""Low-Sodium""]","[""Vegetarian"",""Peanut-Free"",""Tree-Nut-Free"",""Soy-Free"",""Fish-Free"",""Shellfish-Free""]","[""Sulfites""]","[""american""]","[""lunch/dinner""]","[""sandwiches""]"
Creamy Chicken & Mushrooms,EatingWell,https://www.eatingwell.com/recipe/259645/creamy-chicken-mushrooms,4,1177.7177,https://datahive-prod-dataset-products.s3.eu-central-1.amazonaws.com/dataset/346/0210585765a9374c50fc15947be7de87aacebad92ee889c05c12eede8f066391/20984469.jpg,"[""Low-Carb"",""Low-Sodium""]","[""Gluten-Free"",""Egg-Free"",""Peanut-Free"",""Tree-Nut-Free"",""Soy-Free"",""Fish-Free"",""Shellfish-Free""]","[""Sulfites""]","[""french""]","[""lunch/dinner""]","[""main course""]"
Roasted Rutabaga,Allrecipes,https://www.allrecipes.com/recipe/278188/roasted-rutabaga,4,398.8242500000001,https://datahive-prod-dataset-products.s3.eu-central-1.amazonaws.com/dataset/346/02126a6c2905e743aec9231898d900a840c4c5abfe5ba0ed7413d39ace3669a8/21122811.jpg,[],"[""Vegan"",""Vegetarian"",""Dairy-Free"",""Gluten-Free"",""Egg-Free"",""Peanut-Free"",""Tree-Nut-Free"",""Soy-Free"",""Fish-Free"",""Shellfish-Free""]","[""Sulfites""]","[""mediterranean""]","[""lunch/dinner""]","[""main course""]"
Roasted Beets Recipe,teriskitchen.com,http://teriskitchen.com/vegetables-recipes/roasted-beets.html,4,429.8610644689348,https://datahive-prod-dataset-products.s3.eu-central-1.amazonaws.com/dataset/346/0214143dcf7186aa87f1559f167a74c449c060b90e1838bfceef4c6c7f114a47/21021046.jpg,"[""Balanced""]","[""Vegan"",""Vegetarian"",""Paleo"",""Dairy-Free"",""Gluten-Free"",""Egg-Free"",""Peanut-Free"",""Tree-Nut-Free"",""Soy-Free"",""Fish-Free"",""Shellfish-Free""]",[],"[""american""]","[""lunch/dinner""]","[""main course""]"
Pineapple Fried Rice recipes,healthynibblesandbits.com,http://healthynibblesandbits.com/pineapple-fried-rice/,5,2409.578638888016,https://datahive-prod-dataset-products.s3.eu-central-1.amazonaws.com/dataset/346/02166c88e2607cbd44ec7583c8c1875a9338f05669a17d2921c7958b81cacd9f/21116825.jpeg,"[""Balanced"",""High-Fiber""]","[""Vegetarian"",""Dairy-Free"",""Peanut-Free"",""Tree-Nut-Free"",""Fish-Free"",""Shellfish-Free""]","[""Sulfites""]","[""chinese""]","[""lunch/dinner""]","[""main course""]"
Green- Grocer Goulash,recipes.menshealth.com,http://recipes.menshealth.com/Recipe/green-grocer-goulash.aspx,8,1854.524127,https://datahive-prod-dataset-products.s3.eu-central-1.amazonaws.com/dataset/346/0218a6362462362d7d023a697acf9d1a87e9ffb839b71c415e51ec840d14971b/21033768.jpg,"[""Low-Fat""]","[""Vegetarian"",""Dairy-Free"",""Peanut-Free"",""Tree-Nut-Free"",""Soy-Free"",""Fish-Free"",""Shellfish-Free""]","[""Sulfites""]","[""american""]","[""lunch/dinner""]","[""main course""]"
Chocolate Hazelnut Corners,Betty Crocker,https://www.bettycrocker.com/recipes/chocolate-hazelnut-corners/c8332b16-12f9-40d2-b386-30ddf860a064,204,4736.4745,https://datahive-prod-dataset-products.s3.eu-central-1.amazonaws.com/dataset/346/021914f91df59809c73f7fc7000e2bbeda01f6ade4a0d108396fd26cd2cbf506/21087136.webp,"[""Low-Sodium""]","[""Vegetarian"",""Peanut-Free"",""Soy-Free"",""Fish-Free"",""Shellfish-Free""]","[""Sulfites""]","[""american""]","[""snack""]","[""biscuits and cookies""]"
Creamy Cashew Caesar Dressing [Vegan],bakedgreens.com,http://www.bakedgreens.com/creamy-cashew-caesar-dressing-vegan/,6,1092.93175,https://datahive-prod-dataset-products.s3.eu-central-1.amazonaws.com/dataset/346/0219a756190611737b1ae40c114bac39aee7c3d089dad8879ca769f29c38fe8e/21097406.jpg,"[""Low-Carb""]","[""Vegan"",""Vegetarian"",""Paleo"",""Dairy-Free"",""Gluten-Free"",""Egg-Free"",""Peanut-Free"",""Soy-Free"",""Fish-Free"",""Shellfish-Free""]","[""Sulfites""]","[""american""]","[""lunch/dinner""]","[""condiments and sauces""]"
Baked Potato Nachos,How Sweet It Is,http://www.howsweeteats.com/2011/02/baked-potato-nachos-25-super-bowl-recipes/,4,2631.06,https://datahive-prod-dataset-products.s3.eu-central-1.amazonaws.com/dataset/346/0219aab1d10a25a4047c98097107d5345a7cff715b6fb6282206c5bd58d1a987/21025433.jpg,"[""High-Fiber"",""Low-Fat""]","[""Vegan"",""Vegetarian"",""Dairy-Free"",""Gluten-Free"",""Egg-Free"",""Peanut-Free"",""Tree-Nut-Free"",""Soy-Free"",""Fish-Free"",""Shellfish-Free""]",[],"[""mexican""]","[""lunch/dinner""]","[""starter""]"
Watermelon Gin Fizz,ashleybrookedesigns.com,https://ashleybrookedesigns.com/in-the-kitchen-with-abd-watermelon-gin-fizz/,2,256.2609916,https://datahive-prod-dataset-products.s3.eu-central-1.amazonaws.com/dataset/346/021b4206c1a3031825754b90d6f0f05fa8da57487d5e327f69aad0cb7a5f55c0/21097089.jpg,"[""Low-Fat"",""Low-Sodium""]",[],"[""Sulfites""]","[""world""]","[""lunch/dinner""]","[""alcohol cocktail""]"
Tomato Soup With Parmesan Croutons,Pioneer Woman,http://thepioneerwoman.com/cooking/2015/01/tomato-soup-with-parmesan-croutons/,12,2273.292621,https://datahive-prod-dataset-products.s3.eu-central-1.amazonaws.com/dataset/346/021b5fc4ae3c1d4249565a4d8733b7de79ab78243cfd8e672933a6a4ab7d7335/21012664.jpg,"[""Balanced"",""High-Fiber""]","[""Egg-Free"",""Peanut-Free"",""Tree-Nut-Free"",""Soy-Free"",""Fish-Free"",""Shellfish-Free""]","[""Sulfites""]","[""italian""]","[""lunch/dinner""]","[""soup""]"
Maple Blueberry Smoothie,recipes.sparkpeople.com,https://recipes.sparkpeople.com/recipe-detail.asp?recipe=2944352,1,292.0668205974201,https://datahive-prod-dataset-products.s3.eu-central-1.amazonaws.com/dataset/346/021e25bc12d2206f26c52a5c75fecdae5a3d4f2a94049e703d1c9df7b324de81/21053074.jpg,"[""High-Fiber"",""Low-Fat""]","[""Vegan"",""Vegetarian"",""Dairy-Free"",""Gluten-Free"",""Egg-Free"",""Peanut-Free"",""Tree-Nut-Free"",""Soy-Free"",""Fish-Free"",""Shellfish-Free""]","[""Sulfites""]","[""world""]","[""lunch/dinner""]","[""alcohol cocktail""]"
Bourbon Glaze,Allrecipes,https://www.allrecipes.com/recipe/37622/bourbon-glaze,24,1108.241190730477,https://datahive-prod-dataset-products.s3.eu-central-1.amazonaws.com/dataset/346/0220c186f665081e9319fb1e84e35a8287d58e2546960a0f478f1e5bcc75c35b/21040625.jpg,"[""Low-Fat"",""Low-Sodium""]","[""Dairy-Free"",""Egg-Free"",""Peanut-Free"",""Tree-Nut-Free"",""Soy-Free"",""Shellfish-Free""]","[""Sulfites""]","[""world""]","[""lunch/dinner""]","[""alcohol cocktail""]"
"Moroccan-Style Tilapia With Cumin, Mango and Cilantro Recipe",food.com,http://www.food.com/recipe/moroccan-style-tilapia-with-cumin-mango-and-cilantro-recipe-503619,4,892.6488439999999,https://datahive-prod-dataset-products.s3.eu-central-1.amazonaws.com/dataset/346/02232c95bf8f5ff507d426553476acbdd5aa0b0972aed2d7651d8778976fcf57/21006653.jpg,"[""High-Protein""]","[""Paleo"",""Dairy-Free"",""Gluten-Free"",""Egg-Free"",""Peanut-Free"",""Tree-Nut-Free"",""Soy-Free"",""Shellfish-Free""]","[""Sulfites""]","[""middle eastern""]","[""lunch/dinner""]","[""main course""]"
Crostini,Food Network,https://www.foodnetwork.com/recipes/michael-chiarello/crostini-recipe-1942374,10,1101.217536,https://datahive-prod-dataset-products.s3.eu-central-1.amazonaws.com/dataset/346/026c047af4f5b7f0364b00cced4641ec66d8f7dcb83fb7a0a45a14fdd8b5dfb6/21124199.jpg,[],"[""Vegan"",""Vegetarian"",""Dairy-Free"",""Egg-Free"",""Peanut-Free"",""Tree-Nut-Free"",""Soy-Free"",""Fish-Free"",""Shellfish-Free""]",[],"[""italian""]","[""snack""]","[""bread""]"
Creamy Tomato Pasta with Chicken recipes,longbournfarm.com,http://longbournfarm.com/2017/02/14/creamy-tomato-pasta-with-chicken/,3,3424.362786450198,https://datahive-prod-dataset-products.s3.eu-central-1.amazonaws.com/dataset/346/022b9f0c87871441f30db080d547e9f587ec4dee8b412267f80109a59551f461/21059288.jpeg,"[""Balanced"",""High-Fiber""]","[""Egg-Free"",""Peanut-Free"",""Tree-Nut-Free"",""Soy-Free"",""Fish-Free"",""Shellfish-Free""]","[""Sulfites""]","[""italian""]","[""lunch/dinner""]","[""main course""]"
Pineapple Agua Fresca,naivecookcooks.com,http://www.naivecookcooks.com/pineapple-agua-fresca/,4,472.6600000000001,https://datahive-prod-dataset-products.s3.eu-central-1.amazonaws.com/dataset/346/022ea6857825f1be1dc1a327592efc8c3c82d2e3bb3dac2870d90f20ae4a8532/21135290.jpg,"[""Low-Fat"",""Low-Sodium""]","[""Vegetarian"",""Dairy-Free"",""Gluten-Free"",""Egg-Free"",""Peanut-Free"",""Tree-Nut-Free"",""Soy-Free"",""Fish-Free"",""Shellfish-Free""]","[""Sulfites""]","[""mediterranean""]","[""snack""]","[""drinks""]"
Espárragos Trigueros con Jamón,Delish,http://www.delish.com/cooking/recipe-ideas/recipes/a2938/esparragos-trigueros-jamon-1/,4,175.44928,https://datahive-prod-dataset-products.s3.eu-central-1.amazonaws.com/dataset/346/022f87c8251828afddc02aa87a9e8976947b74e63c03387cedfa1364634d5aa4/21074775.jpg,"[""Low-Carb""]","[""Paleo"",""Dairy-Free"",""Gluten-Free"",""Egg-Free"",""Peanut-Free"",""Tree-Nut-Free"",""Soy-Free"",""Fish-Free"",""Shellfish-Free""]","[""Sulfites""]","[""italian""]","[""lunch/dinner""]","[""main course""]"
Zesty Parsley Tomato Pasta,therecipecritic.com,http://therecipecritic.com/2014/06/zesty-parsley-tomato-pasta/,12,3702.024291,https://datahive-prod-dataset-products.s3.eu-central-1.amazonaws.com/dataset/346/023035febf58660921d088a6c778ecd13ee2c9aa9b816eaa101513e4d767e662/21012223.jpg,"[""Balanced""]","[""Vegetarian"",""Egg-Free"",""Peanut-Free"",""Tree-Nut-Free"",""Soy-Free"",""Fish-Free"",""Shellfish-Free""]","[""Sulfites"",""FODMAP""]","[""italian""]","[""lunch/dinner""]","[""main course""]"
Herbed Pork Chops with Homemade Rub,Allrecipes,https://www.allrecipes.com/recipe/237667/herbed-pork-chops-with-homemade-rub,4,1577.994000006001,https://datahive-prod-dataset-products.s3.eu-central-1.amazonaws.com/dataset/346/0231c1b696251a7a9b1ba0be66382806f4b7e5bada47052334c1e4d03ca92912/21061882.jpg,"[""High-Fiber"",""Low-Carb""]","[""Dairy-Free"",""Gluten-Free"",""Egg-Free"",""Peanut-Free"",""Tree-Nut-Free"",""Soy-Free"",""Fish-Free"",""Shellfish-Free""]","[""Sulfites""]","[""british""]","[""lunch/dinner""]","[""main course""]"
Skillet Quinoa with Black Beans Cilantro and Feta,stlcooks.com,https://stlcooks.com/skillet-quinoa-with-black-beans-cilantro-and-feta/,6,1465.823991,https://datahive-prod-dataset-products.s3.eu-central-1.amazonaws.com/dataset/346/0238609dafe1a2e7b1adf745eda528853f0b6e879dc270cfaa7626003bd9e0d6/21083858.jpg,"[""Balanced"",""High-Fiber""]","[""Vegetarian"",""Gluten-Free"",""Egg-Free"",""Peanut-Free"",""Soy-Free"",""Fish-Free"",""Shellfish-Free""]","[""Sulfites""]","[""mediterranean"",""greek""]","[""lunch/dinner""]","[""main course""]"
Slow Cooker Beef Stew I,mypinrecipes.blogspot.com,http://mypinrecipes.blogspot.com/2013/09/slow-cooker-beef-stew-i.html,8,2007.692120333557,https://datahive-prod-dataset-products.s3.eu-central-1.amazonaws.com/dataset/346/02399bb9c456dfa6b9d20f04d0a8be150cc9019aeb4dfc900971757d290152cb/21065582.jpg,[],"[""Dairy-Free"",""Egg-Free"",""Peanut-Free"",""Tree-Nut-Free"",""Soy-Free"",""Shellfish-Free""]","[""Sulfites""]","[""american""]","[""lunch/dinner""]","[""main course""]"
Roasted Golden Beet & Goat Cheese Napoleons With Citrus Vinaigrette Recipe,Group Recipes,http://www.grouprecipes.com/116432/roasted-golden-beet-goat-cheese-napoleons-with-citrus-vinaigrette.html,4,2303.707786181679,https://datahive-prod-dataset-products.s3.eu-central-1.amazonaws.com/dataset/346/023b3e044a21fd507833c8976abd4c3dfb89c9706dbd1fa8bc7c627293c939c4/21075874.jpg,"[""Low-Carb""]","[""Vegetarian"",""Gluten-Free"",""Egg-Free"",""Peanut-Free"",""Soy-Free"",""Fish-Free"",""Shellfish-Free""]","[""Sulfites"",""FODMAP""]","[""mediterranean""]","[""lunch/dinner""]","[""main course""]"
Double Chocolate Cranberry Cookies,Allrecipes,https://www.allrecipes.com/recipe/282651/double-chocolate-cranberry-cookies,72,6124.372,https://datahive-prod-dataset-products.s3.eu-central-1.amazonaws.com/dataset/346/023f2e131dc7c907f7fce103d8c81a2ea0bc41029c20eb96939b9dd54b644e33/21099972.jpg,"[""Low-Sodium""]","[""Vegetarian"",""Peanut-Free"",""Tree-Nut-Free"",""Soy-Free"",""Fish-Free"",""Shellfish-Free""]","[""Sulfites""]","[""american""]","[""snack""]","[""desserts""]"
Basic Sugar Cookies,Delish,http://www.delish.com/cooking/recipe-ideas/recipes/a34831/basic-sugar-cookies-recipe-wdy1212/,50,3550.157,https://datahive-prod-dataset-products.s3.eu-central-1.amazonaws.com/dataset/346/02404d0c98e4d8ad57921d490356ee5fce996bdad5a27cc5f746a55f6dab833d/21113087.jpg,"[""Low-Sodium""]","[""Vegetarian"",""Peanut-Free"",""Tree-Nut-Free"",""Soy-Free"",""Fish-Free"",""Shellfish-Free""]",[],"[""american""]","[""snack""]","[""biscuits and cookies""]"
Taste of the Tropics Oats,superhealthykids.com,https://www.superhealthykids.com/recipes/taste-of-the-tropics-oats/,4,1617.77,https://datahive-prod-dataset-products.s3.eu-central-1.amazonaws.com/dataset/346/0242b6efec5fe43fbe4ef945658486bd6e08992ad660085fc0afdabb3f0046b7/21036008.jpg,"[""Balanced"",""High-Fiber""]","[""Vegan"",""Vegetarian"",""Dairy-Free"",""Gluten-Free"",""Egg-Free"",""Peanut-Free"",""Soy-Free"",""Fish-Free"",""Shellfish-Free""]","[""Gluten"",""Wheat"",""Tree-Nuts"",""Sulfites""]","[""american""]","[""breakfast""]","[""cereals""]"
Pressure Cooker Chicken Broth,Good Housekeeping,https://www.goodhousekeeping.com/food-recipes/a9216/pressure-cooker-chicken-broth,2,107.54276,https://datahive-prod-dataset-products.s3.eu-central-1.amazonaws.com/dataset/346/0243a62b4023f7033b2095d385819f57b3c884078b246b54c4ecde2018c4d03b/21097087.jpg,"[""Low-Carb"",""Low-Sodium""]","[""Paleo"",""Dairy-Free"",""Gluten-Free"",""Egg-Free"",""Peanut-Free"",""Tree-Nut-Free"",""Soy-Free"",""Fish-Free"",""Shellfish-Free""]",[],"[""american""]","[""lunch/dinner""]","[""soup""]"
Roasted Cauliflower with Lemon & Dijon recipes,culinary-cool.com,http://www.culinary-cool.com/roasted-cauliflower-with-lemon-dijon/,4,493.929025,https://datahive-prod-dataset-products.s3.eu-central-1.amazonaws.com/dataset/346/0243ea41f02c670d8a04bf7754db33bd3e2857af3bd5360fbd7832d425173fdb/21113063.jpeg,"[""Low-Carb""]","[""Vegetarian"",""Gluten-Free"",""Egg-Free"",""Peanut-Free"",""Tree-Nut-Free"",""Soy-Free"",""Fish-Free"",""Shellfish-Free""]","[""Sulfites""]","[""french""]","[""lunch/dinner""]","[""main course""]"
Ratatouille,food.com,http://www.food.com/recipe/ratatouille-61658,4,635.2557035000001,https://datahive-prod-dataset-products.s3.eu-central-1.amazonaws.com/dataset/346/0247b61cd5d25389c874ee884f93114ea1b67dabf018c7b3eb21b342577c58d2/21127169.jpg,"[""High-Fiber""]","[""Vegan"",""Vegetarian"",""Paleo"",""Dairy-Free"",""Gluten-Free"",""Egg-Free"",""Peanut-Free"",""Tree-Nut-Free"",""Soy-Free"",""Fish-Free"",""Shellfish-Free""]",[],"[""french""]","[""lunch/dinner""]","[""main course""]"
Mango Smoothie,food.com,http://www.food.com/recipe/mango-smoothie-136018,2,635.5039999999999,https://datahive-prod-dataset-products.s3.eu-central-1.amazonaws.com/dataset/346/024950518b29078d6133242e4a2b18d6f3859853d3ea1cee43fcf74ea43d878c/21071717.jpg,"[""High-Fiber"",""Low-Fat"",""Low-Sodium""]","[""Vegetarian"",""Gluten-Free"",""Peanut-Free"",""Tree-Nut-Free"",""Soy-Free"",""Fish-Free"",""Shellfish-Free""]","[""Sulfites""]","[""american""]","[""breakfast""]","[""drinks""]"
Cod with Fresh Herb Sauce,rockymountaincooking.com,https://rockymountaincooking.com/2019/04/cod-with-fresh-herb-sauce-2,8,2006.794839,https://datahive-prod-dataset-products.s3.eu-central-1.amazonaws.com/dataset/346/024ac4d740b9e190008c2cd486e55d5d2027ed9fd95280bccd9bdeef8593d9eb/21039078.jpg,"[""Low-Carb""]","[""Paleo"",""Dairy-Free"",""Gluten-Free"",""Egg-Free"",""Peanut-Free"",""Tree-Nut-Free"",""Soy-Free"",""Shellfish-Free""]","[""Sulfites""]","[""italian""]","[""lunch/dinner""]","[""main course""]"
Buffalo Deviled Eggs,recipezazz.com,https://www.recipezazz.com/recipe/buffalo-deviled-eggs-20996,6,1169.882439999336,https://datahive-prod-dataset-products.s3.eu-central-1.amazonaws.com/dataset/346/024bc7590956823aa56fa6fab08100a49f3a3ca163be9c9d4ec5d4260eb9e49f/21135785.jpg,"[""Low-Carb""]","[""Peanut-Free"",""Tree-Nut-Free"",""Fish-Free"",""Shellfish-Free""]","[""Sulfites""]","[""american""]","[""lunch/dinner""]","[""starter""]"
Basmati Rice Salad,Food Network,https://www.foodnetwork.com/recipes/bobby-flay/basmati-rice-salad-recipe-1918338,4,2421.503491972957,https://datahive-prod-dataset-products.s3.eu-central-1.amazonaws.com/dataset/346/026c047af4f5b7f0364b00cced4641ec66d8f7dcb83fb7a0a45a14fdd8b5dfb6/21124199.jpg,[],"[""Vegan"",""Vegetarian"",""Dairy-Free"",""Gluten-Free"",""Egg-Free"",""Peanut-Free"",""Soy-Free"",""Fish-Free"",""Shellfish-Free""]","[""Sulfites""]","[""indian""]","[""lunch/dinner""]","[""salad""]"
"Chicken, Zucchini and Prosciutto",BigOven,https://www.bigoven.com/recipe/chicken-zucchini-and-prosciutto/166836,4,1870.9295,https://datahive-prod-dataset-products.s3.eu-central-1.amazonaws.com/dataset/346/025108c6733aa94d86035e11ae13cafa79e743e07b746622a8c791686ba967be/21052061.jpg,"[""High-Protein"",""Low-Carb""]","[""Paleo"",""Dairy-Free"",""Gluten-Free"",""Egg-Free"",""Peanut-Free"",""Tree-Nut-Free"",""Soy-Free"",""Fish-Free"",""Shellfish-Free""]","[""Sulfites""]","[""italian""]","[""lunch/dinner""]","[""main course""]"
Pecan Pie Crust,food.com,http://www.food.com/recipe/pecan-pie-crust-30630,6,1579.794250001111,https://datahive-prod-dataset-products.s3.eu-central-1.amazonaws.com/dataset/346/02534dcf7d323e353404beff36b5bcc0447360d5d72fe7f555180fd6f4461dc7/21102813.jpg,"[""Low-Carb"",""Low-Sodium""]","[""Vegetarian"",""Gluten-Free"",""Egg-Free"",""Peanut-Free"",""Soy-Free"",""Fish-Free"",""Shellfish-Free""]",[],"[""american""]","[""lunch/dinner""]","[""desserts""]"
Radish and Carrot Salad with Blueberries,eatsmarter.com,https://eatsmarter.com/recipes/radish-and-carrot-salad-with-blueberries,1,255.1653352711438,https://datahive-prod-dataset-products.s3.eu-central-1.amazonaws.com/dataset/346/0254385d99b33f58bd01931bde840dad842b57b69f490fedff63bc14f7ea469b/21114252.jpg,"[""High-Fiber""]","[""Vegan"",""Vegetarian"",""Dairy-Free"",""Gluten-Free"",""Egg-Free"",""Peanut-Free"",""Soy-Free"",""Fish-Free"",""Shellfish-Free""]","[""Sulfites""]","[""south american""]","[""lunch/dinner""]","[""salad""]"
Raspberry Sherbet Party Punch,natashaskitchen.com,https://natashaskitchen.com/raspberry-sherbet-party-punch/,18,1565.170287941012,https://datahive-prod-dataset-products.s3.eu-central-1.amazonaws.com/dataset/346/0254c753a8d8a52691636323b77fbd61717414db2cd1435703d2aaa4ecc48721/21118052.jpg,"[""Low-Fat"",""Low-Sodium""]","[""Vegetarian"",""Gluten-Free"",""Egg-Free"",""Peanut-Free"",""Tree-Nut-Free"",""Soy-Free"",""Fish-Free"",""Shellfish-Free""]","[""Sulfites""]","[""american""]","[""snack""]","[""drinks""]"
Fried Eggs Over Hard,sonshinekitchen.com,https://www.sonshinekitchen.com/fried-eggs-difference-fried-eggs-over-hard-recipe/,1,163.441465,https://datahive-prod-dataset-products.s3.eu-central-1.amazonaws.com/dataset/346/0254f419ef908ced763c2ef568bfd085835b8110b0347adb482c58db5686973e/21081795.jpg,"[""Low-Carb""]","[""Vegetarian"",""Paleo"",""Dairy-Free"",""Gluten-Free"",""Peanut-Free"",""Tree-Nut-Free"",""Soy-Free"",""Fish-Free"",""Shellfish-Free""]",[],"[""american""]","[""breakfast""]","[""main course""]"
Tikka Masala Macaroni & Cheese From Preeti Mistry,Food52,https://food52.com/recipes/85264-tikka-masala-macaroni-and-cheese-recipe,8,5696.186500946924,https://datahive-prod-dataset-products.s3.eu-central-1.amazonaws.com/dataset/346/02564b3e2a30f1c35be12391d70cd3ea554b21ee38e871e5de9a0d47cd3ebef7/21055849.jpg,[],"[""Vegetarian"",""Egg-Free"",""Peanut-Free"",""Tree-Nut-Free"",""Soy-Free"",""Fish-Free"",""Shellfish-Free""]","[""Sulfites""]","[""indian""]","[""lunch/dinner""]","[""main course""]"
Herbed porterhouse with roasted kipfler wedges,womensweeklyfood.com.au,https://www.womensweeklyfood.com.au/recipes/herbed-porterhouse-with-roasted-kipfler-wedges-11228,4,6250.616353661004,https://datahive-prod-dataset-products.s3.eu-central-1.amazonaws.com/dataset/346/02586905d3ae55864c01bf6d11118044a459e9714a6f134d42d36c089d4c6ccc/21093086.jpg,"[""High-Fiber"",""Low-Carb""]","[""Dairy-Free"",""Egg-Free"",""Peanut-Free"",""Tree-Nut-Free"",""Soy-Free"",""Fish-Free"",""Shellfish-Free""]","[""Sulfites""]","[""french""]","[""lunch/dinner""]","[""main course""]"
Super Healthy Grain Breakfast,food.com,http://www.food.com/recipe/super-healthy-grain-breakfast-55118,1,323.5322899,https://datahive-prod-dataset-products.s3.eu-central-1.amazonaws.com/dataset/346/0258ad3afd49dba3c4e78f0ce57de343e09f2ec4a3b9a53256d56ae08110b0d3/21131645.jpg,"[""High-Fiber"",""Low-Fat"",""Low-Sodium""]","[""Vegan"",""Vegetarian"",""Dairy-Free"",""Gluten-Free"",""Egg-Free"",""Peanut-Free"",""Tree-Nut-Free"",""Soy-Free"",""Fish-Free"",""Shellfish-Free""]","[""Gluten"",""Wheat"",""Sulfites""]","[""mediterranean""]","[""breakfast""]","[""cereals""]"
"Blackberry, Honey And Yogurt Pops",Lottie + Doof,http://www.lottieanddoof.com/2010/08/blackberry-honey-and-yogurt-pops/,4,484.6150000054449,https://datahive-prod-dataset-products.s3.eu-central-1.amazonaws.com/dataset/346/02593846841e3918465fa2f5c92c7d2918f23ec61b0c9df7fae47019a39790fc/20951554.jpg,"[""High-Fiber"",""Low-Sodium""]","[""Vegetarian"",""Gluten-Free"",""Egg-Free"",""Peanut-Free"",""Tree-Nut-Free"",""Soy-Free"",""Fish-Free"",""Shellfish-Free""]","[""Sulfites""]","[""american""]","[""snack""]","[""desserts""]"
Peach Honey,Foodista,http://www.foodista.com/recipe/YWY8F8YJ/peach-honey,8,3815.42,https://datahive-prod-dataset-products.s3.eu-central-1.amazonaws.com/dataset/346/025c1ffba2d0f4951ada38cf9e3d2cc39abdfaca6203b0e9afae0e6c35c9632e/21068845.jpg,"[""Low-Fat"",""Low-Sodium""]","[""Vegan"",""Vegetarian"",""Dairy-Free"",""Gluten-Free"",""Egg-Free"",""Peanut-Free"",""Tree-Nut-Free"",""Soy-Free"",""Fish-Free"",""Shellfish-Free""]","[""Sulfites""]","[""mediterranean""]","[""lunch/dinner""]","[""desserts""]"
Polenta with Wild Mushroom Duxelle,creative-culinary.com,http://www.creative-culinary.com/polenta-with-mushroom-duxelle/,6,1279.62025,https://datahive-prod-dataset-products.s3.eu-central-1.amazonaws.com/dataset/346/025c69e89b1e55fb674bdda9df5a5f63187acbc709948797ec42f43e5ebdd4f6/21031514.jpg,[],"[""Vegetarian"",""Gluten-Free"",""Egg-Free"",""Peanut-Free"",""Tree-Nut-Free"",""Soy-Free"",""Fish-Free"",""Shellfish-Free""]","[""Sulfites""]","[""italian""]","[""lunch/dinner""]","[""main course""]"
Easy Skillet Balsamic Chicken Recipe,sweetcsdesigns.com,https://sweetcsdesigns.com/easy-skillet-balsamic-chicken-recipe,6,1935.837392303925,https://datahive-prod-dataset-products.s3.eu-central-1.amazonaws.com/dataset/346/025d8d0caed2bc7579bcc5d2514879817af01a9be60b454c56cf591d3235f0df/20970909.jpg,"[""High-Protein"",""Low-Carb""]","[""Gluten-Free"",""Egg-Free"",""Peanut-Free"",""Tree-Nut-Free"",""Soy-Free"",""Fish-Free"",""Shellfish-Free""]","[""Sulfites""]","[""italian""]","[""lunch/dinner""]","[""main course""]"
Sous Vide Sausages Recipe,Serious Eats,https://www.seriouseats.com/sous-vide-beer-brat-recipe-food-lab,8,4824.900855729924,https://datahive-prod-dataset-products.s3.eu-central-1.amazonaws.com/dataset/346/025dc2a10d5f149c168cbafc1cab69673a08a95c6173cb64622d3588fcf47def/20948660.jpg,"[""Low-Carb""]","[""Egg-Free"",""Peanut-Free"",""Tree-Nut-Free"",""Soy-Free"",""Fish-Free"",""Shellfish-Free""]","[""Milk"",""Sulfites""]","[""american""]","[""lunch/dinner""]","[""main course""]"
Cauliflower steaks with olive and herb salsa,taste.com.au,https://www.taste.com.au/recipes/cauliflower-steaks-olive-herb-salsa/98e38d9b-85d0-474e-9c79-eb20c7965580,4,813.2261896420829,https://datahive-prod-dataset-products.s3.eu-central-1.amazonaws.com/dataset/346/025ef434bd5ac62f4ec6ba4ce744b4283f44aedf996cb4f9a7abbc10c4a21e9a/21130616.jpg,"[""Low-Carb""]","[""Vegan"",""Vegetarian"",""Dairy-Free"",""Gluten-Free"",""Egg-Free"",""Peanut-Free"",""Tree-Nut-Free"",""Soy-Free"",""Fish-Free"",""Shellfish-Free""]","[""Sulfites""]","[""mediterranean""]","[""lunch/dinner""]","[""main course""]"
Sunday Brunch: Broccolini Salad Recipe,Serious Eats,http://www.seriouseats.com/recipes/2010/09/sunday-brunch-broccolini-salad-recipe.html,6,2133.254015,https://datahive-prod-dataset-products.s3.eu-central-1.amazonaws.com/dataset/346/02609eb266632f0fbd8455c135b21e9870b9e2008cf8cf418d8a143e602fb4c6/20951494.jpg,"[""Low-Carb""]","[""Vegetarian"",""Gluten-Free"",""Egg-Free"",""Peanut-Free"",""Tree-Nut-Free"",""Soy-Free"",""Fish-Free"",""Shellfish-Free""]","[""Sulfites""]","[""japanese""]","[""brunch"",""lunch/dinner""]","[""main course""]"
Springtime Oven Roasted Veggies,justasmidgen.com,http://justasmidgen.com/2011/07/07/simple-and-sweet/,6,957.5794634666665,https://datahive-prod-dataset-products.s3.eu-central-1.amazonaws.com/dataset/346/026149b974695352c22782bc37688e613a32cff1f67128da24bb892b20e9c860/21079308.jpg,"[""Balanced"",""High-Fiber""]","[""Vegan"",""Vegetarian"",""Dairy-Free"",""Gluten-Free"",""Egg-Free"",""Peanut-Free"",""Tree-Nut-Free"",""Soy-Free"",""Fish-Free"",""Shellfish-Free""]","[""Sulfites""]","[""mediterranean""]","[""lunch/dinner""]","[""main course""]"
Thermomix Mojitos,thermobliss.com,https://thermobliss.com/thermomix-mojitos,2,440.6928,https://datahive-prod-dataset-products.s3.eu-central-1.amazonaws.com/dataset/346/026296a8de1d756b46032d202c1e445a1bf38c8063d07da2bca663836a6fce46/21109946.jpg,"[""Low-Fat"",""Low-Sodium""]","[""Vegan"",""Vegetarian"",""Dairy-Free"",""Gluten-Free"",""Egg-Free"",""Peanut-Free"",""Tree-Nut-Free"",""Soy-Free"",""Fish-Free"",""Shellfish-Free""]","[""Wheat"",""Sulfites""]","[""world""]","[""lunch/dinner""]","[""alcohol cocktail""]"
Yossy Arefi’s Easy Recipe for Chocolate Chip Snickerdoodle Cake,Simply Recipes,https://www.simplyrecipes.com/chocolate-chip-snickerdoodle-cake-recipe-8398872,9,3239.531,https://datahive-prod-dataset-products.s3.eu-central-1.amazonaws.com/dataset/346/0262d35e5f3a222621334c5ef2e67be78bc330fd04dda77b393a27310534ad2e/21025317.jpg,[],"[""Vegetarian"",""Peanut-Free"",""Tree-Nut-Free"",""Soy-Free"",""Fish-Free"",""Shellfish-Free""]","[""Sulfites""]","[""american""]","[""snack"",""lunch/dinner""]","[""biscuits and cookies"",""desserts""]"
CHEESY ZUCCHINI TORTILLA QUICHE recipes,hungryhobby.net,http://hungryhobby.net/tortilla-quiche/,4,747.1666666666666,https://datahive-prod-dataset-products.s3.eu-central-1.amazonaws.com/dataset/346/02630e6723f8bef5fdeba213f2ae169846ceff7d60e41cb0d7bc0fa14a774e4e/21058342.jpeg,[],"[""Vegetarian"",""Gluten-Free"",""Peanut-Free"",""Tree-Nut-Free"",""Soy-Free"",""Fish-Free"",""Shellfish-Free""]","[""Eggs"",""Milk"",""Sulfites""]","[""french""]","[""breakfast""]","[""starter""]"
"Orange, Mango and Pineapple Juice",anniesnoms.com,http://www.anniesnoms.com/2015/02/19/orange-mango-and-pineapple-juice/,4,657.9525,https://datahive-prod-dataset-products.s3.eu-central-1.amazonaws.com/dataset/346/026551e097f9c8315ec7823730ad3781e8a87935a9a81ce39cb70aaa4139ba73/21131555.jpg,"[""High-Fiber"",""Low-Fat"",""Low-Sodium""]","[""Vegan"",""Vegetarian"",""Paleo"",""Dairy-Free"",""Gluten-Free"",""Egg-Free"",""Peanut-Free"",""Tree-Nut-Free"",""Soy-Free"",""Fish-Free"",""Shellfish-Free""]","[""Sulfites""]","[""american""]","[""breakfast""]","[""drinks""]"
Garlic Butter and Shrimp Foil Packs,Betty Crocker,https://www.bettycrocker.com/recipes/garlic-butter-and-shrimp-foil-packs/9039937e-730e-4060-ba3d-f5a664ef0c35,4,2779.644983617336,https://datahive-prod-dataset-products.s3.eu-central-1.amazonaws.com/dataset/346/0265fc30866674ce92b69444732999299ee49fa95907cc9b4e807f51685d2068/21052800.webp,"[""Balanced""]","[""Egg-Free"",""Peanut-Free"",""Tree-Nut-Free"",""Soy-Free""]","[""Sulfites""]","[""mediterranean""]","[""lunch/dinner""]","[""main course""]"
Mango Dream Cocktail,hungryforever.com,https://www.hungryforever.com/recipe/mango-dream-cocktail/,2,174.4913148,https://datahive-prod-dataset-products.s3.eu-central-1.amazonaws.com/dataset/346/026b8c97933c35fffd3d7ab4c87701a6e0676ca8fad43c89c01c4252f24191c5/21069575.jpg,"[""Low-Fat"",""Low-Sodium""]","[""Vegan"",""Vegetarian"",""Dairy-Free"",""Gluten-Free"",""Egg-Free"",""Peanut-Free"",""Tree-Nut-Free"",""Soy-Free"",""Fish-Free"",""Shellfish-Free""]","[""Wheat"",""Sulfites""]","[""world""]","[""lunch/dinner""]","[""alcohol cocktail""]"
Orzo Salad with Giardiniera and Sun-dried Tomato Vinaigrette,Food Network,https://www.foodnetwork.com/recipes/robin-miller/orzo-salad-with-giardiniera-and-sun-dried-tomato-vinaigrette-recipe-1957520,4,824.6311028846401,https://datahive-prod-dataset-products.s3.eu-central-1.amazonaws.com/dataset/346/026c047af4f5b7f0364b00cced4641ec66d8f7dcb83fb7a0a45a14fdd8b5dfb6/21124199.jpg,[],"[""Dairy-Free"",""Egg-Free"",""Peanut-Free"",""Tree-Nut-Free"",""Soy-Free"",""Fish-Free"",""Shellfish-Free""]","[""Sulfites""]","[""italian""]","[""lunch/dinner""]","[""salad""]"
"Soba Noodles with Kale, Slivered Brussels Sprouts and Sesame Dressing recipes",katieatthekitchendoor.com,http://katieatthekitchendoor.com/2013/03/19/book-club-vegetable-literacy-soba-noodles-with-kale-sesame-and-slivered-brussels-sprouts/,4,1284.052384767126,https://datahive-prod-dataset-products.s3.eu-central-1.amazonaws.com/dataset/346/026fefb5da9224989c868e189c64c2636d49c3bd123fa6745a7dd5ab14bfacbb/21088961.jpeg,"[""Balanced""]","[""Vegan"",""Vegetarian"",""Dairy-Free"",""Egg-Free"",""Peanut-Free"",""Tree-Nut-Free"",""Fish-Free"",""Shellfish-Free""]","[""Gluten"",""Wheat""]","[""asian""]","[""lunch/dinner""]","[""main course""]"
Roast Beef And Horseradish Slaw Sandwich,Real Simple,http://www.realsimple.com/food-recipes/browse-all-recipes/roast-beef-horseradish-slaw-00000000041928/index.html,4,403.2197547682625,https://datahive-prod-dataset-products.s3.eu-central-1.amazonaws.com/dataset/346/0271c762609885e9ef18fcd2b2daf26d972e428b2bcc324d9450ddda75d39798/21062711.jpg,"[""Low-Sodium""]","[""Dairy-Free"",""Peanut-Free"",""Tree-Nut-Free"",""Soy-Free"",""Fish-Free"",""Shellfish-Free""]","[""Soy"",""Sulfites""]","[""american""]","[""lunch/dinner""]","[""sandwiches""]"
Strawberry Snitter,Food52,https://food52.com/recipes/81590-strawberry-snitter,8,2869.102166674215,https://datahive-prod-dataset-products.s3.eu-central-1.amazonaws.com/dataset/346/02728f97d86a6cdd6cfb96a84b5c7fa2d46b3e1e0e71571c5d41b9827c1ad7a2/21014283.jpg,"[""Low-Sodium""]","[""Vegetarian"",""Peanut-Free"",""Tree-Nut-Free"",""Soy-Free"",""Fish-Free"",""Shellfish-Free""]","[""Sulfites""]","[""american""]","[""snack""]","[""desserts""]"
"Sweet Potato, Apple and Leek Casserole",Food Network,https://www.foodnetwork.com/recipes/trisha-yearwood/sweet-potato-apple-and-leek-casserole-3243284,8,1348.806387345259,https://datahive-prod-dataset-products.s3.eu-central-1.amazonaws.com/dataset/346/027370e96a22295c3b62130f81867957fd5ac2e30d0c13c5f1ed45629be99924/21119519.jpg,[],"[""Vegetarian"",""Gluten-Free"",""Egg-Free"",""Peanut-Free"",""Tree-Nut-Free"",""Soy-Free"",""Fish-Free"",""Shellfish-Free""]","[""Sulfites""]","[""italian""]","[""lunch/dinner""]","[""main course""]"
Ang's Turkey Burritos,Allrecipes,https://www.allrecipes.com/recipe/261942/angs-turkey-burritos/,8,2733.478151829297,https://datahive-prod-dataset-products.s3.eu-central-1.amazonaws.com/dataset/346/02758c678e1b68542474eb34308f7d1e354bad3af99e851125a677686f8bb887/21041310.jpg,"[""High-Fiber""]","[""Dairy-Free"",""Egg-Free"",""Peanut-Free"",""Tree-Nut-Free"",""Soy-Free"",""Fish-Free"",""Shellfish-Free""]","[""Sulfites""]","[""american""]","[""lunch/dinner""]","[""main course""]"
Shrimp & Papaya Salad,My Recipes,http://www.myrecipes.com/recipe/shrimp-and-papaya-salad,4,192.562,https://datahive-prod-dataset-products.s3.eu-central-1.amazonaws.com/dataset/346/027729cab9a5d64fcdc59104db99ef010340b9e0f2b882e635941ea5c94d15e7/20977204.jpg,"[""Low-Fat""]","[""Dairy-Free"",""Gluten-Free"",""Egg-Free"",""Peanut-Free"",""Tree-Nut-Free"",""Soy-Free"",""Shellfish-Free""]","[""Shellfish"",""Sulfites"",""FODMAP""]","[""french""]","[""lunch/dinner""]","[""main course""]"
"Kale Salad with Grapefruit, Avocado & Walnuts recipes",alaskafromscratch.com,http://www.alaskafromscratch.com/2013/02/11/kale-salad-with-grapefruit-avocado-walnuts/,1,646.7903551258842,https://datahive-prod-dataset-products.s3.eu-central-1.amazonaws.com/dataset/346/0277f94791c7ce3b2363f42758929aed7344f252ab16c125de1ac41b2fb9e61d/21125114.jpeg,"[""High-Fiber"",""Low-Carb""]","[""Vegetarian"",""Paleo"",""Dairy-Free"",""Gluten-Free"",""Egg-Free"",""Peanut-Free"",""Soy-Free"",""Fish-Free"",""Shellfish-Free""]","[""Sulfites""]","[""american""]","[""lunch/dinner""]","[""salad""]"
Sea Breeze,simplygluten-free.com,https://simplygluten-free.com/blog/2014/02/sea-breeze.html,1,101.6330404,https://datahive-prod-dataset-products.s3.eu-central-1.amazonaws.com/dataset/346/027adec94f4f300ace7f5e98283c4d61ffa93baae1da372f96d13e1d29988f25/21067423.jpg,"[""Low-Fat"",""Low-Sodium""]","[""Vegan"",""Vegetarian"",""Paleo"",""Dairy-Free"",""Gluten-Free"",""Egg-Free"",""Peanut-Free"",""Tree-Nut-Free"",""Soy-Free"",""Fish-Free"",""Shellfish-Free""]","[""Wheat"",""Sulfites""]","[""world""]","[""lunch/dinner""]","[""alcohol cocktail""]"
Chopped Cucumber Mustard Pickles,food.com,http://www.food.com/recipe/chopped-cucumber-mustard-pickles-134267,20,3420.64,https://datahive-prod-dataset-products.s3.eu-central-1.amazonaws.com/dataset/346/027b121d209537788f7075c69e72aa42334c844df2be6074d20059184fefe1b0/21097872.jpg,"[""Low-Fat""]","[""Vegan"",""Vegetarian"",""Dairy-Free"",""Egg-Free"",""Peanut-Free"",""Tree-Nut-Free"",""Soy-Free"",""Fish-Free"",""Shellfish-Free""]",[],"[""american""]","[""lunch/dinner""]","[""condiments and sauces""]"
Strawberries with Buttermilk Ice and Balsamic Vinegar,aol.com,https://www.aol.com/food/recipes/strawberries-buttermilk-ice-and-balsamic-vinegar,4,412.9590000000001,https://datahive-prod-dataset-products.s3.eu-central-1.amazonaws.com/dataset/346/027b5e7c72dd472bacf0156b59079fa7fc34ce6af3ef6ace9034cd206a7601c8/21116884.jpg,"[""Low-Fat"",""Low-Sodium""]","[""Vegetarian"",""Gluten-Free"",""Egg-Free"",""Peanut-Free"",""Tree-Nut-Free"",""Soy-Free"",""Fish-Free"",""Shellfish-Free""]","[""Sulfites""]","[""american""]","[""lunch/dinner""]","[""desserts""]"
Instant Pot® Mediterranean Pizza Dip,Allrecipes,https://www.allrecipes.com/recipe/268095/instant-pot-mediterranean-pizza-dip,8,2332.155512757386,https://datahive-prod-dataset-products.s3.eu-central-1.amazonaws.com/dataset/346/027bf78dad7e12d2d4442d7fcb650489e0b50234a4689a86e7c1f2a8769a2c3b/21060488.jpg,"[""Low-Carb""]","[""Gluten-Free"",""Egg-Free"",""Peanut-Free"",""Tree-Nut-Free"",""Soy-Free"",""Fish-Free"",""Shellfish-Free""]","[""Sulfites"",""FODMAP""]","[""american"",""mediterranean""]","[""lunch/dinner""]","[""main course""]"
Cauliflower Popcorn,Food52,https://food52.com/recipes/36740-cauliflower-popcorn,3,350.1984444444444,https://datahive-prod-dataset-products.s3.eu-central-1.amazonaws.com/dataset/346/027e8144d22682ed68dd4438bc91b5b09f2d15203dc0ecbd95f72eb3afa3b2dc/20988943.jpg,"[""High-Fiber""]","[""Vegan"",""Vegetarian"",""Paleo"",""Dairy-Free"",""Gluten-Free"",""Egg-Free"",""Peanut-Free"",""Tree-Nut-Free"",""Soy-Free"",""Fish-Free"",""Shellfish-Free""]",[],"[""american""]","[""snack""]","[""starter""]"
Monster Cookies,BigOven,https://www.bigoven.com/recipe/monster-cookies/1385671,36,9290.252,https://datahive-prod-dataset-products.s3.eu-central-1.amazonaws.com/dataset/346/027ebf5023e7cea50fba93c6788e57e521cde932286486cd0fbc10dc32c2df60/21110525.jpg,"[""Balanced"",""Low-Sodium""]","[""Vegetarian"",""Gluten-Free"",""Tree-Nut-Free"",""Fish-Free"",""Shellfish-Free""]","[""Gluten"",""Wheat"",""Sulfites""]","[""american""]","[""snack""]","[""biscuits and cookies""]"
Grilled Fruit Panini with Yogurt Cheese,Martha Stewart,https://www.marthastewart.com/354974/grilled-fruit-panini-yogurt-cheese,4,910.8654055536708,https://datahive-prod-dataset-products.s3.eu-central-1.amazonaws.com/dataset/346/0282ba984d8948734ef2effe7900c171a78b7ea1f60c34b90bc088b9aba51207/20999350.jpeg,[],"[""Vegetarian"",""Egg-Free"",""Peanut-Free"",""Tree-Nut-Free"",""Fish-Free"",""Shellfish-Free""]","[""Sulfites""]","[""italian""]","[""lunch/dinner""]","[""desserts""]"
"One Recipe, Two Meals: Pizza Rolls for the Kids and a Dressed-Up Pie for You",Food Network,https://www.foodnetwork.com/recipes/one-recipe-two-meals-pizza-rolls-for-the-kids-and-a-dressed-up-pie-for-you0-3416401,6,4867.463384,https://datahive-prod-dataset-products.s3.eu-central-1.amazonaws.com/dataset/346/026c047af4f5b7f0364b00cced4641ec66d8f7dcb83fb7a0a45a14fdd8b5dfb6/21124199.jpg,"[""High-Fiber""]","[""Peanut-Free"",""Tree-Nut-Free"",""Fish-Free"",""Shellfish-Free""]","[""Sulfites"",""FODMAP""]","[""italian""]","[""lunch/dinner""]","[""main course""]"
Pollyanna Recipe,recipeofhealth.com,http://recipeofhealth.com/recipe/pollyanna-81211rb,1,476.0719047218751,https://datahive-prod-dataset-products.s3.eu-central-1.amazonaws.com/dataset/346/02893973bdf8d79b6eb2b11771f5203edbe7a194db07e8025412743939c065ee/21100614.jpg,"[""High-Fiber"",""Low-Fat"",""Low-Sodium""]",[],"[""Sulfites""]","[""world""]","[""lunch/dinner""]","[""alcohol cocktail""]"
Cauliflower and Chickpea Tapas with Parsley-Fennel Mayonnaise Recipe,Serious Eats,http://www.seriouseats.com/recipes/2009/12/cauliflower-and-chickpea-tapas-with-parsley-fennel-mayonnaise-recipe.html,16,5401.973722239672,https://datahive-prod-dataset-products.s3.eu-central-1.amazonaws.com/dataset/346/0293544294679d8b0e8dfeafc649247ed7f34616735d0327cc17f8e699c238bf/20992449.jpg,[],"[""Vegetarian"",""Dairy-Free"",""Peanut-Free"",""Tree-Nut-Free"",""Soy-Free"",""Fish-Free"",""Shellfish-Free""]","[""Sulfites""]","[""mediterranean""]","[""lunch/dinner""]","[""main course""]"
Korean Pork and Potato Soup with Perilla,kimchimom.com,http://www.kimchimom.com/korean-pork-and-potato-soup-with-perilla/,4,1927.714437288314,https://datahive-prod-dataset-products.s3.eu-central-1.amazonaws.com/dataset/346/029497a197160a191446f22d78cce46152cd463b1c47b3fe25f6c2440310a0d7/21115781.jpg,"[""High-Fiber""]","[""Dairy-Free"",""Gluten-Free"",""Egg-Free"",""Peanut-Free"",""Tree-Nut-Free"",""Fish-Free"",""Shellfish-Free""]","[""Gluten"",""Wheat"",""Sulfites""]","[""french"",""korean""]","[""lunch/dinner""]","[""soup""]"
Carrot and Raisin Salad,sustainingthepowers.com,https://www.sustainingthepowers.com/carrot-raisin-salad/,6,1543.19865,https://datahive-prod-dataset-products.s3.eu-central-1.amazonaws.com/dataset/346/02981b520e32d346f9d7d0f9b2b2cda4831ba734e49e21ef6cceed9b1e92bc12/21116257.jpg,"[""Low-Fat"",""Low-Sodium""]","[""Vegetarian"",""Gluten-Free"",""Peanut-Free"",""Tree-Nut-Free"",""Soy-Free"",""Fish-Free"",""Shellfish-Free""]","[""Sulfites""]","[""american""]","[""lunch/dinner""]","[""salad""]"
Luby's Cafeteria Carrot Raisin Salad recipes,cdkitchen.com,http://www.cdkitchen.com/recipes/recs/2406/Lubys-Cafeteria-Carrot-Raisin106249.shtml,6,2603.215743,https://datahive-prod-dataset-products.s3.eu-central-1.amazonaws.com/dataset/346/0298dcc6998e48544766ca4aa7b73e2ff12ffe79e495c9b1d5752df2c344c45a/21088351.jpeg,"[""High-Fiber""]","[""Vegetarian"",""Dairy-Free"",""Gluten-Free"",""Peanut-Free"",""Tree-Nut-Free"",""Soy-Free"",""Fish-Free"",""Shellfish-Free""]","[""Sulfites""]","[""american""]","[""lunch/dinner""]","[""salad""]"
Recipe Fried Tofu with Broccoli and Mushrooms recipes,12tomatoes.com,http://12tomatoes.com/easy-stirfry-recipe-fried-tofu-with-broccoli-and-mushrooms/,4,2005.487030323852,https://datahive-prod-dataset-products.s3.eu-central-1.amazonaws.com/dataset/346/029a100d9bde6b2c4eed010906972e87cc51fa17f2ce03c334f038f61921d5f7/21114857.jpeg,"[""Low-Carb""]","[""Vegan"",""Vegetarian"",""Dairy-Free"",""Egg-Free"",""Tree-Nut-Free"",""Fish-Free"",""Shellfish-Free""]","[""Gluten"",""Wheat"",""Sulfites""]","[""asian""]","[""lunch/dinner""]","[""main course""]"
'Cue the Pulled Pork,Food Network,https://www.foodnetwork.com/recipes/cue-the-pulled-pork-recipe-2200787,6,1792.874774967983,https://datahive-prod-dataset-products.s3.eu-central-1.amazonaws.com/dataset/346/029a29b78eef28e47aebf4a76d2eb4caf3af5ae3baf9f4aa7f374edf2294941d/21132204.jpg,[],"[""Dairy-Free"",""Egg-Free"",""Peanut-Free"",""Tree-Nut-Free"",""Soy-Free"",""Fish-Free"",""Shellfish-Free""]","[""Sulfites""]","[""american""]","[""lunch/dinner""]","[""sandwiches""]"
"Chef John's Duck, Sausage, and Shrimp Gumbo",Allrecipes,https://www.allrecipes.com/recipe/235356/chef-johns-duck-sausage-and-shrimp-gumbo,8,6402.563957277778,https://datahive-prod-dataset-products.s3.eu-central-1.amazonaws.com/dataset/346/029cf3419af8e40403c808cfd7994e9e49c7f31dedfc965b0b671982c3d5b4f3/21077725.jpg,"[""Low-Carb""]","[""Dairy-Free"",""Egg-Free"",""Peanut-Free"",""Tree-Nut-Free"",""Soy-Free""]","[""Sulfites""]","[""american""]","[""lunch/dinner""]","[""main course""]"
Slow-Roasted Spanish Olives With Oranges and Almonds,food.com,http://www.food.com/recipe/slow-roasted-spanish-olives-with-oranges-and-almonds-371144,20,4241.309304800001,https://datahive-prod-dataset-products.s3.eu-central-1.amazonaws.com/dataset/346/029db53e2a71ce9eff14bfc71f89616648027c164ce80c0363ad1ab7222abf8e/21113904.jpg,"[""Low-Sodium""]","[""Vegan"",""Vegetarian"",""Paleo"",""Dairy-Free"",""Gluten-Free"",""Egg-Free"",""Peanut-Free"",""Soy-Free"",""Fish-Free"",""Shellfish-Free""]","[""Sulfites""]","[""mediterranean""]","[""lunch/dinner""]","[""starter""]"
Celery Salad,Food52,https://food52.com/recipes/35815-celery-salad,4,761.9467239396834,https://datahive-prod-dataset-products.s3.eu-central-1.amazonaws.com/dataset/346/029dcfd723807e2dba4036641abbb2f514b22c6b6173f06b6c26bb67256523e1/20990668.jpg,"[""Low-Carb""]","[""Vegetarian"",""Gluten-Free"",""Egg-Free"",""Peanut-Free"",""Tree-Nut-Free"",""Soy-Free"",""Fish-Free"",""Shellfish-Free""]","[""Sulfites""]","[""american""]","[""lunch/dinner""]","[""salad""]"
Crispy Tofu & Rice Noodles in Red Curry Coconut Sauce,tastykitchen.com,https://tastykitchen.com/recipes/special-dietary-needs/vegetarian/crispy-tofu-rice-noodles-in-red-curry-coconut-sauce/,6,1187.778785298125,https://datahive-prod-dataset-products.s3.eu-central-1.amazonaws.com/dataset/346/029f7b74ead55f24e9f4a23e80d16b9c852be88dd24826c078c4bd74d0e5c4ce/21122034.jpg,[],"[""Vegan"",""Vegetarian"",""Dairy-Free"",""Gluten-Free"",""Egg-Free"",""Peanut-Free"",""Fish-Free"",""Shellfish-Free""]","[""Gluten"",""Wheat"",""Sulfites"",""FODMAP""]","[""asian""]","[""lunch/dinner""]","[""main course""]"
Spicy Strawberry Salad,Allrecipes,https://www.allrecipes.com/recipe/14388/spicy-strawberry-salad,10,3427.236500025109,https://datahive-prod-dataset-products.s3.eu-central-1.amazonaws.com/dataset/346/02a0112dc133326aea2fe2bae883cb8f540b03d7213de26bbf83c532c56fb446/21116023.jpg,"[""Low-Carb"",""Low-Sodium""]","[""Vegan"",""Vegetarian"",""Dairy-Free"",""Gluten-Free"",""Egg-Free"",""Peanut-Free"",""Soy-Free"",""Fish-Free"",""Shellfish-Free""]","[""Sulfites""]","[""south american""]","[""lunch/dinner""]","[""salad""]"
Best Bread Machine Bread recipes,sotastysoyummy.blogspot.com,http://sotastysoyummy.blogspot.com/2011/09/best-bread-machine-bread.html,4,2104.75,https://datahive-prod-dataset-products.s3.eu-central-1.amazonaws.com/dataset/346/02a2481172730f129d6f1a9354f881371ced1c754d60f2a53d00f1404367262d/21044655.jpeg,"[""Balanced""]","[""Vegan"",""Vegetarian"",""Dairy-Free"",""Egg-Free"",""Peanut-Free"",""Tree-Nut-Free"",""Soy-Free"",""Fish-Free"",""Shellfish-Free""]",[],"[""american""]","[""breakfast""]","[""bread""]"
Orange Chicken Recipe,Group Recipes,http://www.grouprecipes.com/29792/orange-chicken.html,4,931.2189433161566,https://datahive-prod-dataset-products.s3.eu-central-1.amazonaws.com/dataset/346/02a3a3832b1223ac0582695e0c9efc6fc33091a8fbac15c6b9025f64008507d6/21069269.jpg,"[""High-Protein"",""Low-Carb""]","[""Dairy-Free"",""Egg-Free"",""Peanut-Free"",""Tree-Nut-Free"",""Fish-Free"",""Shellfish-Free""]","[""Gluten"",""Wheat"",""Sulfites"",""FODMAP""]","[""french""]","[""lunch/dinner""]","[""main course""]"
Healthy Fruit and Nut Oatmeal Power Bars,recipes.sparkpeople.com,https://recipes.sparkpeople.com/recipe-detail.asp?recipe=1926652,18,2190.0385,https://datahive-prod-dataset-products.s3.eu-central-1.amazonaws.com/dataset/346/02a4de8e540b2ad8528be28253b061cbf79dfcde2996743c78f42afc51c84415/21051677.jpg,"[""Balanced"",""Low-Sodium""]","[""Vegetarian"",""Gluten-Free"",""Egg-Free"",""Peanut-Free"",""Soy-Free"",""Fish-Free"",""Shellfish-Free""]","[""Gluten"",""Wheat"",""Sulfites""]","[""american""]","[""breakfast""]","[""desserts""]"
Recipe: Heirloom Tomato and Burrata Salad,The Kitchn,https://www.thekitchn.com/test-post-rp-126071,4,1566.679835855306,https://datahive-prod-dataset-products.s3.eu-central-1.amazonaws.com/dataset/346/02a5d27381d7b5b33263abc95f0ba6c97e390342e065b52f779ab9fe31a8c78d/20961529.jpeg,"[""Balanced""]","[""Vegetarian"",""Egg-Free"",""Peanut-Free"",""Tree-Nut-Free"",""Soy-Free"",""Fish-Free"",""Shellfish-Free""]","[""Sulfites""]","[""american""]","[""lunch/dinner""]","[""salad""]"
APPLE PEAR JAM,BigOven,http://www.bigoven.com/recipe/APPLE-PEAR-JAM/168332,6,5803.971201,https://datahive-prod-dataset-products.s3.eu-central-1.amazonaws.com/dataset/346/02a982dd672c51eb8d47e52239cb93a0397275fac0d4858462849af9bd42ba99/21104986.jpg,"[""Low-Fat"",""Low-Sodium""]","[""Vegan"",""Vegetarian"",""Dairy-Free"",""Gluten-Free"",""Egg-Free"",""Peanut-Free"",""Tree-Nut-Free"",""Soy-Free"",""Fish-Free"",""Shellfish-Free""]","[""Sulfites""]","[""american""]","[""lunch/dinner""]","[""condiments and sauces""]"
"""Kale""sadilla",Simply Recipes,https://www.simplyrecipes.com/recipes/kalesadilla,2,863.5874479176989,https://datahive-prod-dataset-products.s3.eu-central-1.amazonaws.com/dataset/346/02a9a41a261aa28c0340ec5abf0c70f7a2a4fa6333c429c143401f0476f05cb8/21011259.jpg,[],"[""Egg-Free"",""Peanut-Free"",""Tree-Nut-Free"",""Soy-Free"",""Fish-Free"",""Shellfish-Free""]","[""Sulfites""]","[""american""]","[""lunch/dinner""]","[""starter""]"
Spicy Thai Noodle Salad,Delish,http://www.delish.com/cooking/recipe-ideas/recipes/a36237/spicy-thai-noodle-salad-recipe-ghk0314/,4,2551.740358998476,https://datahive-prod-dataset-products.s3.eu-central-1.amazonaws.com/dataset/346/02ab0d2218f6ee9d38944a251721e34bc0d1f6b6969e2bd8035d068e721b227b/21110830.jpg,"[""Balanced"",""High-Fiber""]","[""Dairy-Free"",""Gluten-Free"",""Egg-Free"",""Peanut-Free"",""Tree-Nut-Free"",""Soy-Free"",""Shellfish-Free""]","[""Shellfish"",""Sulfites"",""FODMAP""]","[""asian"",""south east asian""]","[""lunch/dinner""]","[""salad""]"
Parsley Pine Nut Pesto,recipecommunity.com.au,https://www.recipecommunity.com.au/sauces-dips-spreads-recipes/parsley-pine-nut-pesto/pwjvep6l-d22cd-978532-cfcd2-aheqji0x,10,2631.0046,https://datahive-prod-dataset-products.s3.eu-central-1.amazonaws.com/dataset/346/02abfb542b03b2328159fa80c9d2ec48b15cffd6bea5c05e6cd0af80f4496c01/21126392.jpg,"[""Low-Carb""]","[""Vegetarian"",""Gluten-Free"",""Egg-Free"",""Peanut-Free"",""Soy-Free"",""Fish-Free"",""Shellfish-Free""]","[""Sulfites""]","[""italian""]","[""lunch/dinner""]","[""condiments and sauces""]"
Cranberry Sauce,Simply Recipes,https://www.simplyrecipes.com/recipes/cranberry_sauce,9,930.4893676500001,https://datahive-prod-dataset-products.s3.eu-central-1.amazonaws.com/dataset/346/02acb420045bf8145f162dd1295c207cd962274837760063f2e0ab16d8021a46/20957847.jpg,"[""Low-Fat"",""Low-Sodium""]","[""Vegan"",""Vegetarian"",""Dairy-Free"",""Gluten-Free"",""Egg-Free"",""Peanut-Free"",""Soy-Free"",""Fish-Free"",""Shellfish-Free""]","[""Sulfites""]","[""american""]","[""lunch/dinner""]","[""condiments and sauces""]"
Blueberry Fizzy,food.com,http://www.food.com/recipe/blueberry-fizzy-220355,12,1621.988161672447,https://datahive-prod-dataset-products.s3.eu-central-1.amazonaws.com/dataset/346/02ad3d2b8715f194384c226718a21330973f872777fd35187b8eb559c039f2f4/21094362.jpg,"[""Low-Fat"",""Low-Sodium""]","[""Vegan"",""Vegetarian"",""Dairy-Free"",""Egg-Free"",""Peanut-Free"",""Tree-Nut-Free"",""Soy-Free"",""Fish-Free"",""Shellfish-Free""]","[""Sulfites""]","[""italian""]","[""snack""]","[""drinks""]"
Zucchini with Goat Cheese and Prosciutto,mynourishedhome.com,https://www.mynourishedhome.com/zucchini-goat-cheese-prosciutto/,6,1584.349721843219,https://datahive-prod-dataset-products.s3.eu-central-1.amazonaws.com/dataset/346/02ae85856f9e1d3edaf610c049b180577c7741b00730004cf96060445e4ec76a/21121725.jpg,"[""Low-Carb""]","[""Egg-Free"",""Peanut-Free"",""Tree-Nut-Free"",""Soy-Free"",""Fish-Free"",""Shellfish-Free""]","[""Sulfites""]","[""italian""]","[""lunch/dinner""]","[""main course""]"
"No-Cook Praline Peach Instant Oatmeal (Overnight Oats Option, Too!) recipes",twohealthykitchens.com,http://www.twohealthykitchens.com/2015/08/13/no-cook-praline-peach-instant-oatmeal-overnight-oats-option-too/,3,1333.83675,https://datahive-prod-dataset-products.s3.eu-central-1.amazonaws.com/dataset/346/02afcc3e1d53965f01607aeb6228d1db542e7806965e21bd1765159dcb9ebfba/21066084.jpeg,"[""Balanced"",""High-Fiber""]","[""Vegetarian"",""Egg-Free"",""Peanut-Free"",""Soy-Free"",""Fish-Free"",""Shellfish-Free""]","[""Sulfites""]","[""american""]","[""breakfast""]","[""cereals""]"
Creamy Instant Pot Mac and Cheese,familyfreshmeals.com,https://www.familyfreshmeals.com/2017/07/creamy-instant-pot-mac-and-cheese.html,16,4356.604123,https://datahive-prod-dataset-products.s3.eu-central-1.amazonaws.com/dataset/346/02b124f0fdeb2bcbd8b86563ef53955ce7fedf8a4ded849e85fb5bf409b32aa5/21060757.jpg,[],"[""Vegetarian"",""Egg-Free"",""Peanut-Free"",""Tree-Nut-Free"",""Soy-Free"",""Fish-Free"",""Shellfish-Free""]","[""Sulfites""]","[""american""]","[""lunch/dinner""]","[""main course""]"
Watermelon Mimosas,Delish,https://www.delish.com/cooking/recipe-ideas/a21602507/watermelon-mimosas,4,892.9413444920001,https://datahive-prod-dataset-products.s3.eu-central-1.amazonaws.com/dataset/346/02b30ddd4368563f0ec331535af85a7fe7c50f64a08f50bc6389f556abffc626/21038892.jpg,"[""Low-Fat"",""Low-Sodium""]","[""Vegan"",""Vegetarian"",""Dairy-Free"",""Gluten-Free"",""Egg-Free"",""Peanut-Free"",""Tree-Nut-Free"",""Soy-Free"",""Fish-Free"",""Shellfish-Free""]","[""Sulfites""]","[""world""]","[""lunch/dinner""]","[""alcohol cocktail""]"
Homemade Ricotta Cheese Recipe,gardenmatter.com,http://gardenmatter.com/homemade-ricotta-cheese-recipe/,8,2013.34,https://datahive-prod-dataset-products.s3.eu-central-1.amazonaws.com/dataset/346/02b36af66a41bd52ab6b02301dd72e1857cfa3e865d03945a43298bfaded9e3c/21062761.jpg,"[""Low-Carb""]","[""Vegetarian"",""Gluten-Free"",""Egg-Free"",""Peanut-Free"",""Tree-Nut-Free"",""Soy-Free"",""Fish-Free"",""Shellfish-Free""]","[""Sulfites""]","[""italian""]","[""breakfast""]","[""condiments and sauces""]"
Red wine cordial,goodfood.com.au,https://www.goodfood.com.au/recipes/red-wine-cordial-20181211-h1906a,6,2316.782321,https://datahive-prod-dataset-products.s3.eu-central-1.amazonaws.com/dataset/346/02b758ad0ca474b23faded31b76881a4a0f808806e0d484c1ec9b349d8c3f879/21107810.jpg,"[""Low-Fat"",""Low-Sodium""]","[""Vegan"",""Vegetarian"",""Dairy-Free"",""Gluten-Free"",""Egg-Free"",""Peanut-Free"",""Tree-Nut-Free"",""Soy-Free"",""Fish-Free"",""Shellfish-Free""]","[""Sulfites""]","[""world""]","[""lunch/dinner""]","[""alcohol cocktail""]"
Exotic Cucumber Drink,eatsmarter.com,https://eatsmarter.com/recipes/exotic-cucumber-drink,1,133.7075,https://datahive-prod-dataset-products.s3.eu-central-1.amazonaws.com/dataset/346/02bbfdc0fd9bb93906ccbdedba082a0ae882d924bf7d9bd7d7c1c1f479bfb82c/21074005.jpg,"[""High-Fiber"",""Low-Fat"",""Low-Sodium""]","[""Vegan"",""Vegetarian"",""Paleo"",""Dairy-Free"",""Gluten-Free"",""Egg-Free"",""Peanut-Free"",""Tree-Nut-Free"",""Soy-Free"",""Fish-Free"",""Shellfish-Free""]","[""Sulfites""]","[""american""]","[""lunch/dinner""]","[""drinks""]"
Roast Veg and Macaroni Bake,BigOven,https://www.bigoven.com/recipe/roast-veg-and-macaroni-bake/638697,2,997.3781759218347,https://datahive-prod-dataset-products.s3.eu-central-1.amazonaws.com/dataset/346/02bccd61b8def7083bccf3fac79a1a1ed781612541318f3b24334b167c772ae6/21013366.jpg,"[""Balanced"",""High-Fiber""]","[""Egg-Free"",""Peanut-Free"",""Tree-Nut-Free"",""Soy-Free"",""Fish-Free"",""Shellfish-Free""]","[""Soy"",""Sulfites""]","[""american""]","[""lunch/dinner""]","[""main course""]"
Chicken & Squash Casserole,food.com,http://www.food.com/recipe/chicken-squash-casserole-259235,2,1318.226,https://datahive-prod-dataset-products.s3.eu-central-1.amazonaws.com/dataset/346/02bd1c3bd05cd2612e3e7ac2e2d503d27ef04e8d7066dcd131202233142f76d9/21114328.jpg,"[""High-Fiber""]","[""Paleo"",""Dairy-Free"",""Gluten-Free"",""Egg-Free"",""Peanut-Free"",""Soy-Free"",""Fish-Free"",""Shellfish-Free""]","[""Sulfites""]","[""american""]","[""lunch/dinner""]","[""main course""]"
Garlic & Herb Roasted Shrimp,Food Network,https://www.foodnetwork.com/recipes/ina-garten/garlic-and-herb-roasted-shrimp-3742576,4,2241.396890922509,https://datahive-prod-dataset-products.s3.eu-central-1.amazonaws.com/dataset/346/02bf67373e5c2d39c96bd13af5f2ab6613f0b76b77c0f3e993363a5f8b12402b/21102555.jpg,"[""Low-Carb""]","[""Egg-Free"",""Peanut-Free"",""Tree-Nut-Free"",""Soy-Free""]","[""Sulfites""]","[""mediterranean""]","[""lunch/dinner""]","[""main course""]"
Zinfandel Vinaigrette,Allrecipes,https://www.allrecipes.com/recipe/15130/zinfandel-vinaigrette/,8,1465.058191605769,https://datahive-prod-dataset-products.s3.eu-central-1.amazonaws.com/dataset/346/02c0e41e114398c5076cbe85d24433ac60e934b983305fb3aa86170067ba72fe/21108786.jpg,"[""Low-Carb"",""Low-Sodium""]","[""Vegan"",""Vegetarian"",""Paleo"",""Dairy-Free"",""Gluten-Free"",""Egg-Free"",""Peanut-Free"",""Tree-Nut-Free"",""Soy-Free"",""Fish-Free"",""Shellfish-Free""]",[],"[""french""]","[""lunch/dinner""]","[""condiments and sauces""]"
Sherry-Glazed Brussels Sprouts,Food Network,https://www.foodnetwork.com/recipes/food-network-kitchen/sherry-glazed-brussels-sprouts-9528946,6,947.0757983914964,https://datahive-prod-dataset-products.s3.eu-central-1.amazonaws.com/dataset/346/02c182a1168139f6ec4025f2e7767435644d4594c7f0a8a47789a2a682bd3cf1/21081724.jpg,[],"[""Vegetarian"",""Gluten-Free"",""Egg-Free"",""Peanut-Free"",""Tree-Nut-Free"",""Soy-Free"",""Fish-Free"",""Shellfish-Free""]",[],"[""mediterranean""]","[""lunch/dinner""]","[""starter""]"
Minty Lime and Pineapple Sangria,tastykitchen.com,https://tastykitchen.com/recipes/drinks/minty-lime-and-pineapple-sangria/,6,2010.884403919621,https://datahive-prod-dataset-products.s3.eu-central-1.amazonaws.com/dataset/346/02c19e611e9caba371c8cd983c076c99dd167f4768af2f6c997e2001787f5249/21100485.jpg,"[""Low-Fat"",""Low-Sodium""]","[""Vegan"",""Vegetarian"",""Dairy-Free"",""Gluten-Free"",""Egg-Free"",""Peanut-Free"",""Tree-Nut-Free"",""Soy-Free"",""Fish-Free"",""Shellfish-Free""]","[""Wheat"",""Sulfites"",""FODMAP""]","[""world""]","[""lunch/dinner""]","[""alcohol cocktail""]"
Pan-Roasted Brussels Sprouts with Bacon,magazine.grasscity.com,http://magazine.grasscity.com/pan-roasted-brussels-sprouts-bacon-1425/,6,1126.019719,https://datahive-prod-dataset-products.s3.eu-central-1.amazonaws.com/dataset/346/02c3a96ce48c6613e3fc690da143e88e4992edc0c4794c768b729a12bf1e25e4/21116480.jpg,"[""Low-Carb""]","[""Gluten-Free"",""Egg-Free"",""Peanut-Free"",""Tree-Nut-Free"",""Soy-Free"",""Fish-Free"",""Shellfish-Free""]","[""Sulfites""]","[""american""]","[""lunch/dinner""]","[""main course""]"
Chicken Scaloppine With Oyster Mushrooms And Marsala,Cookstr,http://www.cookstr.com/recipes/chicken-scaloppine-with-oyster-mushrooms-and-marsala,4,2233.335047289381,https://datahive-prod-dataset-products.s3.eu-central-1.amazonaws.com/dataset/346/02c3e49c0eaa782d2c1637cc2cf5cfca20476d1610aac754b6d414ff388e9e0c/20994764.jpg,"[""Low-Carb""]","[""Egg-Free"",""Peanut-Free"",""Tree-Nut-Free"",""Soy-Free"",""Fish-Free"",""Shellfish-Free""]","[""Wheat"",""Sulfites""]","[""italian""]","[""lunch/dinner""]","[""main course""]"
Provençal Granola,Saveur,http://www.saveur.com/article/Recipes/Saveur-100-2011-Provencal-Granola,8,2402.511624999786,https://datahive-prod-dataset-products.s3.eu-central-1.amazonaws.com/dataset/346/02c5000d2ccddd0d68415419f457fa6456bfef978cdc7b5882979bbbece461c2/20987610.jpg,"[""Low-Carb"",""Low-Sodium""]","[""Vegetarian"",""Gluten-Free"",""Egg-Free"",""Peanut-Free"",""Soy-Free"",""Fish-Free"",""Shellfish-Free""]","[""Gluten"",""Wheat"",""Sulfites""]","[""french""]","[""breakfast""]","[""cereals""]"
Rum Whipped Cream,Food Network,https://www.foodnetwork.com/recipes/ina-garten/rum-whipped-cream-recipe-1943034,8,993.8419999994571,https://datahive-prod-dataset-products.s3.eu-central-1.amazonaws.com/dataset/346/02c91b9dfdc9f8f67aca176083de64766c1484c699f15621a3248ac8acffc7be/21045403.jpg,"[""Low-Carb"",""Low-Sodium""]","[""Vegetarian"",""Gluten-Free"",""Egg-Free"",""Peanut-Free"",""Tree-Nut-Free"",""Soy-Free"",""Fish-Free"",""Shellfish-Free""]","[""Wheat""]","[""british""]","[""snack""]","[""desserts""]"
Tamarind Chutney recipes,peppersandpennies.com,https://peppersandpennies.com/tamarind/,4,1720.111632,https://datahive-prod-dataset-products.s3.eu-central-1.amazonaws.com/dataset/346/02ca12db2d58f5f0b233a006e39ee6030315dcd81cc75518c914a05253696d8e/21069926.jpeg,"[""Low-Fat""]","[""Vegan"",""Vegetarian"",""Dairy-Free"",""Gluten-Free"",""Egg-Free"",""Peanut-Free"",""Tree-Nut-Free"",""Soy-Free"",""Fish-Free"",""Shellfish-Free""]","[""Sulfites"",""FODMAP""]","[""indian""]","[""lunch/dinner""]","[""condiments and sauces""]"
Chicken in the Pot,Food52,https://food52.com/recipes/4142-chicken-in-the-pot,6,3549.833249999038,https://datahive-prod-dataset-products.s3.eu-central-1.amazonaws.com/dataset/346/02cae230aba01bb93c620f169a0287ea305f9e3d6c7e90914c7b3ccf71fddc24/20964257.jpg,"[""Low-Carb""]","[""Egg-Free"",""Peanut-Free"",""Tree-Nut-Free"",""Soy-Free"",""Fish-Free"",""Shellfish-Free""]","[""Sulfites""]","[""japanese""]","[""lunch/dinner""]","[""main course""]"
Vitamix Whipped Cream,Food Network,https://www.foodnetwork.com/recipes/vitamix-whipped-cream-recipe-2120629,8,1803.653654472351,https://datahive-prod-dataset-products.s3.eu-central-1.amazonaws.com/dataset/346/02ccdc9d1dbe2316f5d36ff9817b32e7779b502ba8cfef2d16bb04179e494f36/21072476.jpg,"[""Low-Carb"",""Low-Sodium""]","[""Vegetarian"",""Gluten-Free"",""Egg-Free"",""Peanut-Free"",""Tree-Nut-Free"",""Soy-Free"",""Fish-Free"",""Shellfish-Free""]",[],"[""french""]","[""snack""]","[""desserts""]"
Roast Beef with Shallot and Black Bean Sauce,Food & Wine,https://www.foodandwine.com/roast-beef-with-shallot-and-black-bean-sauce-6835688,10,14543.59479,https://datahive-prod-dataset-products.s3.eu-central-1.amazonaws.com/dataset/346/02cce8f64293681b25b3fb18791ed361654f7fb429dc79ad48fe0779090771e3/20986617.jpg,"[""High-Fiber"",""Low-Carb""]","[""Dairy-Free"",""Egg-Free"",""Fish-Free""]","[""Gluten"",""Wheat"",""Sulfites""]","[""mediterranean""]","[""lunch/dinner""]","[""main course""]"
Chunky Capsicum and Cashew Dip,food.com,http://www.food.com/recipe/chunky-capsicum-and-cashew-dip-410072,6,1255.912125,https://datahive-prod-dataset-products.s3.eu-central-1.amazonaws.com/dataset/346/02ce502f2d08538f0568857bde55d2a7c4ddc0d0df1215ecd34b55df61ec01c4/21089447.jpg,"[""Low-Carb"",""Low-Sodium""]","[""Vegetarian"",""Gluten-Free"",""Egg-Free"",""Peanut-Free"",""Soy-Free"",""Fish-Free"",""Shellfish-Free""]","[""Sulfites""]","[""south american""]","[""snack""]","[""condiments and sauces""]"
Summer Panzanella Salad,tablespoon.com,https://www.tablespoon.com/recipes/summer-panzanella-salad/3aa34654-a70e-4135-baa5-c6c49bfa3efc,4,1931.488643,https://datahive-prod-dataset-products.s3.eu-central-1.amazonaws.com/dataset/346/02d07d68b7cf045a21af8bc374813e76373e7ca2154b89a97203c5f0a2d69693/21057616.jpg,[],"[""Vegetarian"",""Egg-Free"",""Peanut-Free"",""Tree-Nut-Free"",""Soy-Free"",""Fish-Free"",""Shellfish-Free""]","[""Sulfites""]","[""italian""]","[""lunch/dinner""]","[""salad""]"
Homemade Butterfinger Candy Bars Recipe,Group Recipes,http://www.grouprecipes.com/122349/homemade-butterfinger-candy-bars.html,24,3887.213376000001,https://datahive-prod-dataset-products.s3.eu-central-1.amazonaws.com/dataset/346/02d27f499c9242a6d587d2e99b736d1ec7a6e4ab9c247b4850cafdee548427e2/21112084.jpg,"[""Low-Sodium""]","[""Vegetarian"",""Tree-Nut-Free"",""Soy-Free"",""Fish-Free"",""Shellfish-Free""]","[""Sulfites""]","[""american""]","[""snack""]","[""desserts""]"
Chicken Meatballs For Spaghetti and Meatballs,food.com,http://www.food.com/recipe/chicken-meatballs-for-spaghetti-and-meatballs-52420,4,1467.811339,https://datahive-prod-dataset-products.s3.eu-central-1.amazonaws.com/dataset/346/02d47e333f92c68120bb66a5901d1c22f968d2ba9125d37a355f10ae59382b12/21115448.jpg,"[""Low-Carb""]","[""Peanut-Free"",""Tree-Nut-Free"",""Soy-Free"",""Fish-Free"",""Shellfish-Free""]","[""Sulfites""]","[""italian""]","[""lunch/dinner""]","[""main course""]"
Australian Style Potato Salad,food.com,http://www.food.com/recipe/australian-style-potato-salad-371566,8,2296.780865,https://datahive-prod-dataset-products.s3.eu-central-1.amazonaws.com/dataset/346/02de06f6524f88205a07460cf9da9198404a3060b558c3d268d961f849ac277f/21115847.jpg,"[""High-Fiber""]","[""Vegetarian"",""Dairy-Free"",""Gluten-Free"",""Peanut-Free"",""Tree-Nut-Free"",""Soy-Free"",""Fish-Free"",""Shellfish-Free""]","[""Soy"",""Sulfites""]","[""mediterranean""]","[""lunch/dinner""]","[""salad""]"
Red Lentil Soup,eatsmarter.com,https://eatsmarter.com/recipes/red-lentil-soup,4,2013.793179299342,https://datahive-prod-dataset-products.s3.eu-central-1.amazonaws.com/dataset/346/02de12de392686ac484f3e19dbf1ce945cfa1af4980d91563ebbd09b761669af/21094307.jpg,"[""High-Fiber"",""Low-Fat""]","[""Vegan"",""Vegetarian"",""Dairy-Free"",""Gluten-Free"",""Egg-Free"",""Peanut-Free"",""Tree-Nut-Free"",""Soy-Free"",""Fish-Free"",""Shellfish-Free""]","[""Sulfites""]","[""middle eastern""]","[""lunch/dinner""]","[""soup""]"
"Eating Well's Sweet Garlic "" Mayonnaise""",food.com,http://www.food.com/recipe/eating-wells-sweet-garlic-mayonnaise-328837,6,2017.32892,https://datahive-prod-dataset-products.s3.eu-central-1.amazonaws.com/dataset/346/02e0f20553251d56beebd1bcd8d7092d0929d4e6590f17db31495419474b8990/21102152.jpg,"[""Low-Carb"",""Low-Sodium""]","[""Vegan"",""Vegetarian"",""Paleo"",""Dairy-Free"",""Gluten-Free"",""Egg-Free"",""Peanut-Free"",""Tree-Nut-Free"",""Soy-Free"",""Fish-Free"",""Shellfish-Free""]","[""Sulfites""]","[""american""]","[""lunch/dinner"",""snack""]","[""condiments and sauces""]"
Garlicky Broccolini,Food & Wine,http://www.foodandwine.com/recipes/garlicky-broccolini,6,1327.844,https://datahive-prod-dataset-products.s3.eu-central-1.amazonaws.com/dataset/346/02e1ca2a35b3dc2799a6af9db5c5d65ba30f21cbd0577a754ff9a4c76064bb5b/21056481.jpg,"[""High-Fiber""]","[""Vegan"",""Vegetarian"",""Paleo"",""Dairy-Free"",""Gluten-Free"",""Egg-Free"",""Peanut-Free"",""Tree-Nut-Free"",""Soy-Free"",""Fish-Free"",""Shellfish-Free""]",[],"[""american""]","[""lunch/dinner""]","[""starter""]"
Quick Fire Roasted Tomato Sauce recipes,artfuldishes.com,http://www.artfuldishes.com/quick-fire-roasted-tomato-sauce/,6,373.9685559500317,https://datahive-prod-dataset-products.s3.eu-central-1.amazonaws.com/dataset/346/02e471433dac10a83a84c78932f7793c4a17e2b9c0e8f8e51af3fbea2c6bbf19/21089003.jpeg,"[""Balanced""]","[""Vegan"",""Vegetarian"",""Dairy-Free"",""Gluten-Free"",""Egg-Free"",""Peanut-Free"",""Tree-Nut-Free"",""Soy-Free"",""Fish-Free"",""Shellfish-Free""]",[],"[""american""]","[""lunch/dinner""]","[""condiments and sauces""]"
Broccoli Cheese Bliss: Amish Version and J,amish365.com,http://www.amish365.com/broccoli-cheese-bliss-amish-version-and-just-like-panera-version/,8,1807.262317,https://datahive-prod-dataset-products.s3.eu-central-1.amazonaws.com/dataset/346/02e64763dfcdb83cec110093597af9bd0d89edf8218fdae6ee44d8d088b9f772/21115075.jpg,"[""Low-Carb""]","[""Vegetarian"",""Gluten-Free"",""Egg-Free"",""Peanut-Free"",""Tree-Nut-Free"",""Soy-Free"",""Fish-Free"",""Shellfish-Free""]","[""Soy"",""Sulfites""]","[""american""]","[""lunch/dinner""]","[""starter""]"
Barbecued leg of pork with grilled summer vegetables,BBC Good Food,https://www.bbcgoodfood.com/recipes/barbecued-leg-pork-grilled-summer-vegetables,10,5361.686000000265,https://datahive-prod-dataset-products.s3.eu-central-1.amazonaws.com/dataset/346/02e6ac9c9db4c1b148045f37d9b13b29e8abbeed5578826760c9176a89060010/20976522.bin,"[""Low-Carb"",""Low-Sodium""]","[""Paleo"",""Dairy-Free"",""Gluten-Free"",""Egg-Free"",""Peanut-Free"",""Tree-Nut-Free"",""Soy-Free"",""Fish-Free"",""Shellfish-Free""]",[],"[""mediterranean""]","[""lunch/dinner""]","[""main course""]"
Mozzarella Bites recipes,purewow.com,http://www.purewow.com/recipes/Mozzarella-Bites,7,5686.916373,https://datahive-prod-dataset-products.s3.eu-central-1.amazonaws.com/dataset/346/02e764162deb6f76f0e9f4c0da6645ec81c5bd636e1105dcbed80a709221d7ad/21121138.jpeg,"[""Low-Carb""]","[""Vegetarian"",""Tree-Nut-Free"",""Soy-Free"",""Fish-Free"",""Shellfish-Free""]","[""Sulfites""]","[""italian""]","[""snack""]","[""main course""]"
Baked Mediterranean Vegetables,recipes.sparkpeople.com,https://recipes.sparkpeople.com/recipe-detail.asp?recipe=2555802,4,1023.649945,https://datahive-prod-dataset-products.s3.eu-central-1.amazonaws.com/dataset/346/02e7aa405cd305d75218287884fcaa6c11bd46cab36144fa00e2126384e3b182/21099851.jpg,"[""Low-Carb""]","[""Gluten-Free"",""Egg-Free"",""Peanut-Free"",""Tree-Nut-Free"",""Soy-Free"",""Fish-Free"",""Shellfish-Free""]","[""Sulfites""]","[""mediterranean""]","[""lunch/dinner""]","[""main course""]"
Homemade Pumpkin Pie Spice from scratch,iheartrecipes.com,https://iheartrecipes.com/homemade-pumpkin-pie-spice-from-scratch/,2,140.408,https://datahive-prod-dataset-products.s3.eu-central-1.amazonaws.com/dataset/346/02e8df2b9acfdce74d8f8d75a541ca68ffccd442cd37c7932684447669d0fc70/21093925.jpg,"[""High-Fiber"",""Low-Sodium""]","[""Vegan"",""Vegetarian"",""Paleo"",""Dairy-Free"",""Gluten-Free"",""Egg-Free"",""Peanut-Free"",""Tree-Nut-Free"",""Soy-Free"",""Fish-Free"",""Shellfish-Free""]",[],"[""mediterranean""]","[""snack""]","[""desserts""]"
"Spaghetti with chicken, basil, sun-dried t",casaveneracion.com,http://casaveneracion.com/spaghetti-chicken-basil-sun-dried-tomatoes-feta/,4,537.9800000000001,https://datahive-prod-dataset-products.s3.eu-central-1.amazonaws.com/dataset/346/02e9104a2e0a73c0ad34207b9417129c6aee51a5b24e3e589aafc47c5427b9ee/21090396.jpg,"[""Low-Carb"",""Low-Sodium""]","[""Vegan"",""Vegetarian"",""Dairy-Free"",""Gluten-Free"",""Egg-Free"",""Peanut-Free"",""Tree-Nut-Free"",""Soy-Free"",""Fish-Free"",""Shellfish-Free""]","[""Sulfites""]","[""italian""]","[""lunch/dinner""]","[""main course""]"
Lentil and Tomato Soup,eatsmarter.com,https://eatsmarter.com/recipes/lentil-and-tomato-soup,4,1881.017987304867,https://datahive-prod-dataset-products.s3.eu-central-1.amazonaws.com/dataset/346/02eb49a0232f34213143e4386fb3dfb78bb282e8cea9ffa89fb56eca1f1b49a8/21063169.jpg,[],"[""Vegetarian"",""Egg-Free"",""Peanut-Free"",""Tree-Nut-Free"",""Soy-Free"",""Fish-Free"",""Shellfish-Free""]","[""Sulfites""]","[""american""]","[""lunch/dinner""]","[""soup""]"
Mustard Chicken Salad,food.com,http://www.food.com/recipe/mustard-chicken-salad-358542,5,3574.397491599532,https://datahive-prod-dataset-products.s3.eu-central-1.amazonaws.com/dataset/346/02ec975107579fe9949738552bc1f4c69d82f1af035e9f91190fb64bf8bc38d2/21027964.jpg,"[""Low-Carb""]","[""Paleo"",""Dairy-Free"",""Gluten-Free"",""Peanut-Free"",""Tree-Nut-Free"",""Soy-Free"",""Fish-Free"",""Shellfish-Free""]","[""Sulfites""]","[""american""]","[""lunch/dinner""]","[""salad""]"
Apple Peanut Butter Cookie Bites recipes,happyhealthymama.com,http://happyhealthymama.com/2011/10/healthy-apple-peanut-butter-cookie-bites-49-calories-each.html,4,2544.445,https://datahive-prod-dataset-products.s3.eu-central-1.amazonaws.com/dataset/346/02ed366fb64cd4b9e857a5f83b4835e47bf13094dfdba723b0cf1bc3c82f3143/21100456.jpeg,"[""Balanced"",""High-Fiber""]","[""Dairy-Free"",""Tree-Nut-Free"",""Soy-Free"",""Fish-Free"",""Shellfish-Free""]","[""Sulfites""]","[""american""]","[""snack""]","[""biscuits and cookies""]"
Corn Dip,bayouwoman.com,https://bayouwoman.com/corn-dip,6,1366.873556483333,https://datahive-prod-dataset-products.s3.eu-central-1.amazonaws.com/dataset/346/02f1b2b318f0ff6696df6892c17ae10d4f20d5336ab4af956968e9c0b52336cb/21132349.jpg,"[""Low-Carb""]","[""Vegetarian"",""Gluten-Free"",""Peanut-Free"",""Tree-Nut-Free"",""Fish-Free"",""Shellfish-Free""]","[""Sulfites""]","[""mexican""]","[""lunch/dinner""]","[""condiments and sauces""]"
Polish Noodles,Allrecipes,https://www.allrecipes.com/recipe/82135/polish-noodles,8,3469.411600686691,https://datahive-prod-dataset-products.s3.eu-central-1.amazonaws.com/dataset/346/02f605043483756ba6bc780ba5a82b5a780cb9058c26dcad901c6cb51a54390d/21023418.jpg,"[""High-Fiber""]","[""Peanut-Free"",""Tree-Nut-Free"",""Soy-Free"",""Fish-Free"",""Shellfish-Free""]","[""Sulfites""]","[""asian"",""eastern europe""]","[""lunch/dinner""]","[""main course""]"
Lamb Chops with Wine Sauce,Delish,http://www.delish.com/cooking/recipe-ideas/recipes/a31397/lamb-chops-wine-sauce-recipe-rbk1210/,4,3768.819750000001,https://datahive-prod-dataset-products.s3.eu-central-1.amazonaws.com/dataset/346/02f8610488cd0c97d07d16e49a7d5613375bc50172512be7ce6e1a7515bdb0df/21009998.jpg,"[""Low-Carb""]","[""Paleo"",""Dairy-Free"",""Gluten-Free"",""Egg-Free"",""Peanut-Free"",""Tree-Nut-Free"",""Soy-Free"",""Fish-Free"",""Shellfish-Free""]",[],"[""american""]","[""lunch/dinner""]","[""main course""]"
Sun-Dried Tomato and Broccoli Pasta,Self,https://www.self.com/recipe/sun-dried-tomato-broccoli-pasta,4,1809.873158850016,https://datahive-prod-dataset-products.s3.eu-central-1.amazonaws.com/dataset/346/02fc4457f0b6f07ab8c9128c4b0ccf9a6179f12599de5782037e64f588dd934d/21106612.jpg,"[""Balanced""]","[""Vegetarian"",""Egg-Free"",""Peanut-Free"",""Soy-Free"",""Fish-Free"",""Shellfish-Free""]","[""Sulfites""]","[""italian""]","[""lunch/dinner""]","[""main course""]"
Cheesy Chicken,Allrecipes,https://www.allrecipes.com/recipe/15811/cheesy-chicken,6,3107.248853779688,https://datahive-prod-dataset-products.s3.eu-central-1.amazonaws.com/dataset/346/03000fb65c21455fd572f9bb3bb245a15afc3bb7ab1a8a2dcf9097432e98b8fb/21040162.jpg,"[""High-Protein"",""Low-Carb""]","[""Egg-Free"",""Peanut-Free"",""Tree-Nut-Free"",""Soy-Free"",""Fish-Free"",""Shellfish-Free""]","[""Sulfites""]","[""american""]","[""lunch/dinner""]","[""main course""]"
Banana Oat Peanut Butter Breakfast Cookie Recipe,Group Recipes,http://www.grouprecipes.com/111288/banana-oat-peanut-butter-breakfast-cookie.html,12,2628.255778,https://datahive-prod-dataset-products.s3.eu-central-1.amazonaws.com/dataset/346/03013298b7debf80ca4679f2458799c86d64ef74931f1e021e893fbd1ef26c8f/21098471.jpg,"[""Low-Sodium""]","[""Vegetarian"",""Egg-Free"",""Tree-Nut-Free"",""Fish-Free"",""Shellfish-Free""]","[""Sulfites""]","[""american""]","[""breakfast""]","[""biscuits and cookies""]"
Rolled Egg,chowtimes.com,https://chowtimes.com/2012/05/10/rolled-egg/,4,254.1988,https://datahive-prod-dataset-products.s3.eu-central-1.amazonaws.com/dataset/346/030470c43e5c7fb6f89e06c2fff75d3e741202ceafec946b49414c71d025905e/21082546.jpg,"[""Low-Carb""]","[""Dairy-Free"",""Peanut-Free"",""Tree-Nut-Free"",""Shellfish-Free""]","[""Sulfites""]","[""south american""]","[""breakfast""]","[""main course""]"
Anytime Breakfast Burritos,Land O'Lakes,http://www.landolakes.com/recipe/2659/anytime-breakfast-burritos,10,2011.607734577526,https://datahive-prod-dataset-products.s3.eu-central-1.amazonaws.com/dataset/346/03097ccf092365364892fd881db9c647afba9a713c491abf1b8dea095b65cfc4/21135948.jpg,[],"[""Vegetarian"",""Peanut-Free"",""Tree-Nut-Free"",""Soy-Free"",""Fish-Free"",""Shellfish-Free""]","[""Sulfites""]","[""mexican""]","[""breakfast""]","[""main course""]"
Pumpkin Kheer,Food Network,https://www.foodnetwork.com/recipes/maneet-chauhan/pumpkin-kheer-11893151,6,1964.242161396764,,"[""Balanced"",""Low-Sodium""]","[""Vegetarian"",""Gluten-Free"",""Egg-Free"",""Peanut-Free"",""Soy-Free"",""Fish-Free"",""Shellfish-Free""]","[""Sulfites""]","[""american""]","[""lunch/dinner""]","[""desserts""]"
Mediterranean White Fish Casserole,eatsmarter.com,https://eatsmarter.com/recipes/mediterranean-white-fish-casserole,4,1804.141237937928,https://datahive-prod-dataset-products.s3.eu-central-1.amazonaws.com/dataset/346/030c4590fce21145a2c83f1206eeab49715175c56a1a390f0bddc6fc8e8ea32c/21031636.jpg,"[""High-Protein"",""Low-Carb""]","[""Paleo"",""Dairy-Free"",""Gluten-Free"",""Egg-Free"",""Peanut-Free"",""Tree-Nut-Free"",""Soy-Free"",""Shellfish-Free""]","[""Sulfites""]","[""mediterranean""]","[""lunch/dinner""]","[""main course""]"
Linguine With Roasted Cauliflower,recipes.sparkpeople.com,https://recipes.sparkpeople.com/recipe-detail.asp?recipe=2982688,8,2803.674874999603,https://datahive-prod-dataset-products.s3.eu-central-1.amazonaws.com/dataset/346/030e2487a9051022b8c4a3edc2dbbdd78970dbd6e72e65765ede9701be6d1df5/21037930.jpg,"[""Balanced""]","[""Vegetarian"",""Egg-Free"",""Peanut-Free"",""Tree-Nut-Free"",""Soy-Free"",""Fish-Free"",""Shellfish-Free""]","[""Sulfites""]","[""american""]","[""lunch/dinner""]","[""main course""]"
Garlic Spaghetti,eatsmarter.com,https://eatsmarter.com/recipes/garlic-spaghetti,4,2334.839842840337,https://datahive-prod-dataset-products.s3.eu-central-1.amazonaws.com/dataset/346/030f7beba6ccecbc838e511e0586e33673a4ff016d90c6dceedba8fde502ecef/21116763.jpg,[],"[""Vegan"",""Vegetarian"",""Dairy-Free"",""Egg-Free"",""Peanut-Free"",""Tree-Nut-Free"",""Soy-Free"",""Fish-Free"",""Shellfish-Free""]",[],"[""italian""]","[""lunch/dinner""]","[""main course""]"
Apple Pie Smoothie,tastykitchen.com,https://tastykitchen.com/recipes/drinks/apple-pie-smoothie-4/,3,332.21475,https://datahive-prod-dataset-products.s3.eu-central-1.amazonaws.com/dataset/346/0310239dbaf661647c3236931c026fc9a66becf569d34763d67c3af1a96a046d/21118412.jpg,"[""Low-Fat"",""Low-Sodium""]","[""Vegetarian"",""Dairy-Free"",""Gluten-Free"",""Egg-Free"",""Peanut-Free"",""Soy-Free"",""Fish-Free"",""Shellfish-Free""]","[""Sulfites""]","[""american""]","[""breakfast""]","[""desserts""]"
Chocolate Apple Cake,Foodista,http://www.foodista.com/recipe/44QVRYVW/chocolate-apple-cake,8,5052.947333333334,https://datahive-prod-dataset-products.s3.eu-central-1.amazonaws.com/dataset/346/03115c5a61c431ac1ba3b4a051877195c1b5d54fee12f4310d664cd6cc2a51c8/21128186.jpg,"[""High-Fiber"",""Low-Sodium""]","[""Vegetarian"",""Peanut-Free"",""Soy-Free"",""Fish-Free"",""Shellfish-Free""]","[""Sulfites"",""FODMAP""]","[""american""]","[""breakfast"",""lunch/dinner""]","[""desserts""]"
Baked Falafel Recipe,cookingwithamandaz.blogspot.com,http://cookingwithamandaz.blogspot.com/2015/12/baked-falafel.html,8,2263.418625,https://datahive-prod-dataset-products.s3.eu-central-1.amazonaws.com/dataset/346/03153843fa256b1de8d3c2315fc6997ed09590089eeb92b70af5ea6656182909/21099899.jpeg,"[""Balanced"",""High-Fiber""]","[""Vegan"",""Vegetarian"",""Dairy-Free"",""Gluten-Free"",""Egg-Free"",""Peanut-Free"",""Tree-Nut-Free"",""Soy-Free"",""Fish-Free"",""Shellfish-Free""]","[""Sulfites""]","[""middle eastern""]","[""lunch/dinner""]","[""main course""]"
Tarte Tatin,Food52,http://food52.com/recipes/31298-tarte-tatin,16,4306.553022,https://datahive-prod-dataset-products.s3.eu-central-1.amazonaws.com/dataset/346/03161d87d88fd5cc598cb5eef77078c62f238ecdfd0cc77ba7669fb365996116/21030844.jpg,[],"[""Vegetarian"",""Egg-Free"",""Peanut-Free"",""Tree-Nut-Free"",""Soy-Free"",""Fish-Free"",""Shellfish-Free""]","[""Sulfites""]","[""french""]","[""lunch/dinner""]","[""desserts""]"
Taco Chicken,justapinch.com,https://www.justapinch.com/recipes/main-course/chicken/taco-chicken.html,8,6316.198672,https://datahive-prod-dataset-products.s3.eu-central-1.amazonaws.com/dataset/346/0318e62499275ebdd5f88d63eb37cd957f13927b5da3561e298de5bf4098ff07/21117731.jpeg,"[""Low-Carb""]","[""Egg-Free"",""Peanut-Free"",""Tree-Nut-Free"",""Soy-Free"",""Fish-Free"",""Shellfish-Free""]","[""Soy"",""Sulfites""]","[""american""]","[""lunch/dinner""]","[""main course""]"
Barbecued Salmon With Green Mango Salad,Food & Wine,http://www.foodandwine.com/recipes/barbecued-salmon-with-green-mango-salad,10,2592.506269095892,https://datahive-prod-dataset-products.s3.eu-central-1.amazonaws.com/dataset/346/0319e7cb4e31b4bef66b577b96b8300c86e11510209c5eda8c36b4e0633b22a3/21067469.jpg,"[""Low-Carb""]","[""Dairy-Free"",""Egg-Free"",""Peanut-Free"",""Tree-Nut-Free"",""Shellfish-Free""]","[""Sulfites""]","[""nordic""]","[""lunch/dinner""]","[""salad""]"
Vanilla Raspberry Layer Cake recipes,bakerholicsanonymous.wordpress.com,https://bakerholicsanonymous.wordpress.com/recipes-2/birthday-party/vanilla-raspberry-layer-cake/,4,6402.109999998713,https://datahive-prod-dataset-products.s3.eu-central-1.amazonaws.com/dataset/346/031f455f438057632b39dc24c63c9f8c7b9c320a55c8ccf88cded58d12b2e440/21095687.jpeg,"[""High-Fiber"",""Low-Fat""]","[""Vegetarian"",""Peanut-Free"",""Tree-Nut-Free"",""Soy-Free"",""Fish-Free"",""Shellfish-Free""]","[""Gluten"",""Wheat"",""Sulfites""]","[""american""]","[""lunch/dinner""]","[""desserts""]"
Enchilada Casserole,mamasbestrecipes.com,http://mamasbestrecipes.com/recipe/enchilada-casserole/,14,3676.139279,https://datahive-prod-dataset-products.s3.eu-central-1.amazonaws.com/dataset/346/03232fd4ff1391f8865d410361b918f75803ec5b7c9a8f24839a8ef9872be923/21104174.jpg,"[""Low-Carb""]","[""Gluten-Free"",""Egg-Free"",""Peanut-Free"",""Tree-Nut-Free"",""Soy-Free"",""Fish-Free"",""Shellfish-Free""]","[""Eggs"",""Milk"",""Sulfites""]","[""mexican""]","[""lunch/dinner""]","[""main course""]"
Panko Crusted Chicken,artandthekitchen.com,https://www.artandthekitchen.com/panko-crusted-chicken,4,2122.861500000006,https://datahive-prod-dataset-products.s3.eu-central-1.amazonaws.com/dataset/346/03239487182389c962d97ebd2e973568a3b47f626b296dbbe4e063752c3f63e8/20970198.jpg,"[""High-Protein""]","[""Peanut-Free"",""Tree-Nut-Free"",""Fish-Free"",""Shellfish-Free""]",[],"[""japanese""]","[""lunch/dinner""]","[""main course""]"
Roasted Red Pepper Barbecue Sauce recipes,errenskitchen.com,http://www.errenskitchen.com/roasted-red-pepper-barbecue-sauce/2/,12,436.7672110555555,https://datahive-prod-dataset-products.s3.eu-central-1.amazonaws.com/dataset/346/032599eef110b571a3038ce6f15b70598ead89e444154dd79a7fc9eaf77b4609/21084219.jpeg,"[""Low-Fat""]","[""Vegetarian"",""Dairy-Free"",""Egg-Free"",""Peanut-Free"",""Tree-Nut-Free"",""Fish-Free"",""Shellfish-Free""]","[""Sulfites""]","[""american""]","[""lunch/dinner""]","[""condiments and sauces""]"
Spicy Corn Medley,Food Network,https://www.foodnetwork.com/recipes/spicy-corn-medley-recipe-1917956,10,1196.156122,https://datahive-prod-dataset-products.s3.eu-central-1.amazonaws.com/dataset/346/02c91b9dfdc9f8f67aca176083de64766c1484c699f15621a3248ac8acffc7be/21045403.jpg,"[""Balanced""]","[""Vegetarian"",""Gluten-Free"",""Egg-Free"",""Peanut-Free"",""Tree-Nut-Free"",""Soy-Free"",""Fish-Free"",""Shellfish-Free""]",[],"[""south american""]","[""lunch/dinner""]","[""main course""]"
Roasted Beet Salad with Goat Cheese and Pecans recipes,acedarspoon.com,http://www.acedarspoon.com/roasted-beet-salad-with-goat-cheese-and-pecans-25-gift-card-giveaway/,6,953.6890640000001,https://datahive-prod-dataset-products.s3.eu-central-1.amazonaws.com/dataset/346/032973db1b07a2ca24e27234d6909c50e6009d62cf08a8bf26a5d36cdcdda4ff/21115705.jpeg,"[""Low-Carb"",""Low-Sodium""]","[""Vegetarian"",""Gluten-Free"",""Egg-Free"",""Peanut-Free"",""Soy-Free"",""Fish-Free"",""Shellfish-Free""]","[""Sulfites"",""FODMAP""]","[""american""]","[""lunch/dinner""]","[""salad""]"
"""Apres-Ski"" Soup Recipe 5",Taste of Home,http://www.tasteofhome.com/Recipes/-Apres-Ski--Soup,6,556.5666729156252,https://datahive-prod-dataset-products.s3.eu-central-1.amazonaws.com/dataset/346/032afef43ea5216a87c84c5936560674c70b3fb0f1d6744b0ebf4ee64e25e5cb/21109882.jpg,[],"[""Egg-Free"",""Peanut-Free"",""Tree-Nut-Free"",""Soy-Free"",""Fish-Free"",""Shellfish-Free""]","[""Gluten"",""Wheat"",""Sulfites""]","[""american""]","[""lunch/dinner""]","[""soup""]"
Almond Butter Cup recipes,lexiscleankitchen.com,http://lexiscleankitchen.com/2013/08/30/chocolate-almond-butter-cup-protein-shake/,1,284.8658657271939,https://datahive-prod-dataset-products.s3.eu-central-1.amazonaws.com/dataset/346/032b55859d96f096e9437614345d8c8749ab2976fb53fa324dc5fb82a8cfc122/21114381.jpeg,"[""High-Fiber""]","[""Vegetarian"",""Egg-Free"",""Peanut-Free"",""Soy-Free"",""Fish-Free"",""Shellfish-Free""]","[""Sulfites""]","[""british""]","[""breakfast""]","[""desserts""]"
Shabu-Shabu,Bon Appetit,https://www.bonappetit.com/recipe/shabu-shabu,4,1459.031646,https://datahive-prod-dataset-products.s3.eu-central-1.amazonaws.com/dataset/346/032dad931eaf6729378505544210f1fb6b462d179cbf5a9a975014cdb888f283/20972108.jpg,"[""Low-Carb"",""Low-Sodium""]","[""Dairy-Free"",""Gluten-Free"",""Egg-Free"",""Peanut-Free"",""Tree-Nut-Free"",""Fish-Free"",""Shellfish-Free""]","[""Gluten"",""Wheat"",""Sulfites""]","[""eastern europe""]","[""lunch/dinner""]","[""main course""]"
Raspberry and apple smoothie,BBC Good Food,https://www.bbcgoodfood.com/recipes/raspberry-and-apple-smoothie,4,518.979221,https://datahive-prod-dataset-products.s3.eu-central-1.amazonaws.com/dataset/346/032dc47d97de9981bbde130f4b4cb2ad2ffe88487aa9e4647e7c8315a4d8aa09/20995931.jpg,"[""Low-Sodium""]","[""Vegetarian"",""Gluten-Free"",""Egg-Free"",""Peanut-Free"",""Tree-Nut-Free"",""Soy-Free"",""Fish-Free"",""Shellfish-Free""]","[""Gluten"",""Wheat"",""Sulfites""]","[""american""]","[""breakfast""]","[""drinks""]"
Turkey And Sage Stuffed Apples recipes,runningtothekitchen.com,http://www.runningtothekitchen.com/turkey-and-sage-stuffed-apples/,4,1540.161363,https://datahive-prod-dataset-products.s3.eu-central-1.amazonaws.com/dataset/346/032e795a226eef0e53b0305847c884e0e7384cecb5626b424ef0f7459524356f/21049901.jpeg,"[""High-Fiber""]","[""Paleo"",""Dairy-Free"",""Gluten-Free"",""Egg-Free"",""Peanut-Free"",""Tree-Nut-Free"",""Soy-Free"",""Fish-Free"",""Shellfish-Free""]","[""Sulfites""]","[""american""]","[""lunch/dinner""]","[""main course""]"
Rhubarb Crumble Recipe,Taste of Home,http://www.tasteofhome.com/recipes/english-rhubarb-crumble,12,6578.956,https://datahive-prod-dataset-products.s3.eu-central-1.amazonaws.com/dataset/346/032f70491498838b9bf2d4768da30383bc54fce71e98850fd7ba292614143982/21099994.jpg,"[""Low-Sodium""]","[""Vegetarian"",""Peanut-Free"",""Tree-Nut-Free"",""Soy-Free"",""Fish-Free"",""Shellfish-Free""]","[""Gluten"",""Wheat"",""Sulfites""]","[""british""]","[""lunch/dinner""]","[""desserts""]"
Vegetarian Minestrone Soup Recipe for a Crowd,umamigirl.com,https://umamigirl.com/vegetarian-minestrone-for-a-crowd,8,2822.987158804438,https://datahive-prod-dataset-products.s3.eu-central-1.amazonaws.com/dataset/346/0330bf5545b28f267b9531aa04ef9f0d2b815786eddc5b3f0851ef6866d341e0/21135508.jpg,"[""High-Fiber"",""Low-Fat""]","[""Vegetarian"",""Gluten-Free"",""Egg-Free"",""Peanut-Free"",""Tree-Nut-Free"",""Soy-Free"",""Fish-Free"",""Shellfish-Free""]","[""Sulfites""]","[""italian""]","[""lunch/dinner""]","[""soup""]"
Crispy Potato Wedges Recipe,recipetips.com,https://recipetips.com/recipe-cards/t--153495/crispy-potato-wedges.asp,6,1431.09075,https://datahive-prod-dataset-products.s3.eu-central-1.amazonaws.com/dataset/346/033332a2c6b7f24c418716078c5a9bee816b608e0b8bfcb7c38de709dfade3a7/21037318.jpg,[],"[""Gluten-Free"",""Egg-Free"",""Peanut-Free"",""Tree-Nut-Free"",""Soy-Free"",""Fish-Free"",""Shellfish-Free""]","[""Sulfites""]","[""american""]","[""lunch/dinner""]","[""starter""]"
Pernod (pastis) Classique,food.com,http://www.food.com/recipe/pernod-pastis-classique-93483,1,64.218,https://datahive-prod-dataset-products.s3.eu-central-1.amazonaws.com/dataset/346/0334093ea9628816dd07d19e3470a452960b9d369f05da695a2a6b2dcfd43cb3/21072972.jpg,"[""Low-Fat"",""Low-Sodium""]","[""Low Sugar"",""Vegan"",""Vegetarian"",""Paleo"",""Dairy-Free"",""Gluten-Free"",""Egg-Free"",""Peanut-Free"",""Tree-Nut-Free"",""Soy-Free"",""Fish-Free"",""Shellfish-Free""]",[],"[""world""]","[""lunch/dinner""]","[""alcohol cocktail""]"
Instant Pot Bacon Cheddar Ranch Potato Salad,thenymelrosefamily.com,https://thenymelrosefamily.com/instant-pot-bacon-cheddar-ranch-potato-salad,12,3439.512668522223,https://datahive-prod-dataset-products.s3.eu-central-1.amazonaws.com/dataset/346/0337b06d1513dcedf201692b0f31126329630d0273caf67b04f0cfbeee8df3b9/21054074.jpg,[],"[""Gluten-Free"",""Egg-Free"",""Peanut-Free"",""Tree-Nut-Free"",""Soy-Free"",""Fish-Free"",""Shellfish-Free""]","[""Sulfites""]","[""american""]","[""lunch/dinner""]","[""salad""]"
Chipotle-Glazed Sweet Potato Fries recipes,paleoleap.com,https://paleoleap.com/chipotle-glazed-sweet-potato-fries/,4,2313.859618151067,https://datahive-prod-dataset-products.s3.eu-central-1.amazonaws.com/dataset/346/0337ed0810d2bfbffcf3a937f314353e3a72f546495a7a393095c45d65caf17d/21105716.jpeg,"[""High-Fiber""]","[""Vegetarian"",""Gluten-Free"",""Egg-Free"",""Peanut-Free"",""Tree-Nut-Free"",""Soy-Free"",""Fish-Free"",""Shellfish-Free""]","[""Sulfites""]","[""south american""]","[""lunch/dinner""]","[""starter""]"
Chicken Avocado and Apple Caesar Salad + Primal Kitchen Discount,kissbybrooke.com,http://www.kissbybrooke.com/2018/04/18/chicken-avocado-and-apple-caesar-salad-primal-kitchen-discount/,2,1932.924768998993,https://datahive-prod-dataset-products.s3.eu-central-1.amazonaws.com/dataset/346/03384ff12c75ee2268c1fc7b547f721775a3fcfa83661b04e2e1e3141b3f9d4a/21110684.jpg,"[""High-Fiber"",""Low-Carb""]","[""Gluten-Free"",""Egg-Free"",""Peanut-Free"",""Tree-Nut-Free"",""Soy-Free"",""Fish-Free"",""Shellfish-Free""]","[""Sulfites""]","[""american""]","[""lunch/dinner""]","[""salad""]"
Deviled Egg Dip Recipe,recipeofhealth.com,http://recipeofhealth.com/recipe/deviled-egg-dip-2821rb,12,2607.085238,https://datahive-prod-dataset-products.s3.eu-central-1.amazonaws.com/dataset/346/0339947d33300b71ad10271184ed4d2ee4b2a6bbe03e64ca2c7f0c3b47c889b4/21135443.jpg,"[""Low-Carb""]","[""Gluten-Free"",""Peanut-Free"",""Tree-Nut-Free"",""Soy-Free"",""Fish-Free"",""Shellfish-Free""]","[""Soy"",""Sulfites""]","[""mediterranean""]","[""lunch/dinner""]","[""main course""]"
Mushroom Ragout with Polenta,emeals.com,http://emeals.com/recipes/recipe-16516-109358-Mushroom-Ragout-with-Polenta,6,1417.090259,https://datahive-prod-dataset-products.s3.eu-central-1.amazonaws.com/dataset/346/0339ab47654c0a411029c710f1c9b0962b27a38fe608375f8fd7763e78b83102/21017538.jpg,"[""Balanced""]","[""Vegetarian"",""Gluten-Free"",""Egg-Free"",""Peanut-Free"",""Tree-Nut-Free"",""Soy-Free"",""Fish-Free"",""Shellfish-Free""]","[""Sulfites""]","[""italian""]","[""lunch/dinner""]","[""main course""]"
3-Cheese Lasagna,Delish,http://www.delish.com/cooking/recipe-ideas/recipes/a35792/3-cheese-lasagna-recipe-ghk0913/,4,1609.809468,https://datahive-prod-dataset-products.s3.eu-central-1.amazonaws.com/dataset/346/033a1e0ad46da710c6d4a7ec92c09b49b722fab37e2bda2647c8946f23e9dbd1/21120949.jpg,"[""High-Fiber""]","[""Vegetarian"",""Egg-Free"",""Peanut-Free"",""Tree-Nut-Free"",""Soy-Free"",""Fish-Free"",""Shellfish-Free""]","[""Sulfites""]","[""italian""]","[""lunch/dinner""]","[""main course""]"
Mediterranean Style Chicken with Lemon and Thyme,eatsmarter.com,https://eatsmarter.com/recipes/mediterranean-style-chicken-with-lemon-and-thyme,4,3700.77232,https://datahive-prod-dataset-products.s3.eu-central-1.amazonaws.com/dataset/346/033d6e391d401ed9915aceedeb286ca43f189515890ee2a272609ae341f73e61/21134404.jpg,"[""Low-Carb""]","[""Dairy-Free"",""Gluten-Free"",""Egg-Free"",""Peanut-Free"",""Tree-Nut-Free"",""Soy-Free"",""Fish-Free"",""Shellfish-Free""]","[""Sulfites""]","[""mediterranean""]","[""lunch/dinner""]","[""main course""]"
Meatless Monday Lasagna,Allrecipes,https://www.allrecipes.com/recipe/281775/meatless-monday-lasagna,8,7348.198272062499,https://datahive-prod-dataset-products.s3.eu-central-1.amazonaws.com/dataset/346/033e16c2ff3b02cfba0bc46bf1c5713708310d0c62bdfc4c1db9d77da01b4767/21064864.jpg,"[""High-Fiber""]","[""Vegetarian"",""Peanut-Free"",""Tree-Nut-Free"",""Fish-Free"",""Shellfish-Free""]","[""Gluten"",""Wheat"",""Sulfites""]","[""italian""]","[""lunch/dinner""]","[""main course""]"